internalName,color
PB_WINDOW,"rgb(143, 15, 8)"
PB_FUNCTION,"rgb(143, 15, 8)"
PB_DATAWINDOW,"rgb(143, 15, 8)"
PB_STRUCTURE,"rgb(143, 15, 8)"
PB_USEROBJECT,"rgb(143, 15, 8)"
PB_MENU,"rgb(143, 15, 8)"
PB_APPLICATION,"rgb(143, 15, 8)"
PB_PROXYOBJECT,"rgb(143, 15, 8)"
PB_RPCFUNC,"rgb(143, 15, 8)"
PB_FUNCINCLASS,"rgb(143, 15, 8)"
PB_EVENT,"rgb(143, 15, 8)"
PB_DATASTORE,"rgb(143, 15, 8)"
PB_CONTROL,"rgb(143, 15, 8)"
PB_EXTFUNCTION,"rgb(143, 15, 8)"
PB_DEC_PROC,"rgb(143, 15, 8)"
PB_DEC_CURSOR,"rgb(143, 15, 8)"
PB_LIBRARY,"rgb(143, 15, 8)"
VB_FORM,"rgb(49, 79, 176)"
VB_MDI_FORM,"rgb(49, 79, 176)"
VB_MODULE,"rgb(49, 79, 176)"
VB_CLASS_MODULE,"rgb(49, 79, 176)"
VB_USER_CONTROL,"rgb(49, 79, 176)"
VB_PROPERTY_PAGE,"rgb(49, 79, 176)"
VB_USER_DOC,"rgb(49, 79, 176)"
VB_DESIGNER,"rgb(49, 79, 176)"
VB_CONTROL,"rgb(49, 79, 176)"
VB_SUB,"rgb(49, 79, 176)"
VB_FUNCTION,"rgb(49, 79, 176)"
VB_PROPERTY_LET,"rgb(49, 79, 176)"
VB_PROPERTY_GET,"rgb(49, 79, 176)"
VB_PROPERTY_SET,"rgb(49, 79, 176)"
VB_EVENT,"rgb(49, 79, 176)"
VB_EXTFUNCTION,"rgb(49, 79, 176)"
VB_EXTSUB,"rgb(49, 79, 176)"
VB_ENUM,"rgb(49, 79, 176)"
VB_TYPE,"rgb(49, 79, 176)"
VB_CONST,"rgb(49, 79, 176)"
VB_VAR,"rgb(49, 79, 176)"
VB_PROJECT_GROUP,"rgb(49, 79, 176)"
CAST_Com_Interface,"rgb(148, 0, 255)"
CAST_Com_DispInterface,"rgb(148, 0, 255)"
CAST_Com_CoClass,"rgb(148, 0, 255)"
CAST_Com_PropGet,"rgb(148, 0, 255)"
CAST_Com_PropPut,"rgb(148, 0, 255)"
CAST_Com_PropPutRef,"rgb(148, 0, 255)"
CAST_Com_Method,"rgb(148, 0, 255)"
JV_PACKAGE,"rgb(176, 114, 1)"
JV_CLASS,"rgb(176, 114, 1)"
JV_CTOR,"rgb(176, 114, 1)"
JV_METHOD,"rgb(176, 114, 1)"
JV_FIELD,"rgb(176, 114, 1)"
JV_INTERFACE,"rgb(176, 114, 1)"
JV_INIT,"rgb(176, 114, 1)"
CAST_Forms_Trigger,"rgb(223, 18, 18)"
CAST_Forms_Module,"rgb(223, 18, 18)"
CAST_Forms_DataBlock,"rgb(223, 18, 18)"
CAST_Forms_DataBlockItem,"rgb(223, 18, 18)"
CAST_Forms_MenuModule,"rgb(223, 18, 18)"
CAST_Forms_Menu,"rgb(223, 18, 18)"
CAST_Forms_MenuItem,"rgb(223, 18, 18)"
CAST_Forms_PlsqlModule,"rgb(223, 18, 18)"
CAST_Forms_Procedure,"rgb(223, 18, 18)"
CAST_Forms_Function,"rgb(223, 18, 18)"
CAST_Forms_Package,"rgb(223, 18, 18)"
CAST_Forms_PackageBody,"rgb(223, 18, 18)"
JV_EJB_ENTITY,"rgb(124, 42, 0)"
JV_EJB_SESSION,"rgb(124, 42, 0)"
CAST_Forms_RecordGroup,"rgb(223, 18, 18)"
CAST_Forms_LOV,"rgb(223, 18, 18)"
CAST_Forms_PopupMenu,"rgb(223, 18, 18)"
CAST_Forms_PopupMenuItem,"rgb(223, 18, 18)"
CAST_Com_Property,"rgb(148, 0, 255)"
CAST_Com_TypeLibCwmmImported,"rgb(148, 0, 255)"
JSP_SERVLET,"rgb(42, 98, 119)"
JV_APPLET,"rgb(176, 114, 1)"
CAST_Web_Variable,"rgb(227, 76, 2)"
CAST_Web_File,"rgb(227, 76, 2)"
CAST_Web_FunctionClass,"rgb(227, 76, 2)"
CAST_Web_Directory,"rgb(227, 76, 2)"
JSP_BEAN,"rgb(42, 98, 119)"
JSP_BEAN_PROP,"rgb(42, 98, 119)"
JSP_TAG_LIB,"rgb(42, 98, 119)"
JSP_TAG,"rgb(42, 98, 119)"
JSP_TAG_ATTR,"rgb(42, 98, 119)"
JSP_SERVLET_MAPPING,"rgb(42, 98, 119)"
CAST_Forms_PropertyClass,"rgb(223, 18, 18)"
CAST_Forms_VisualAttributes,"rgb(223, 18, 18)"
CAST_Web_FunctionEvent,"rgb(227, 76, 2)"
CAST_Web_FunctionFunction,"rgb(227, 76, 2)"
CAST_Web_FunctionProcedure,"rgb(227, 76, 2)"
CAST_Web_FunctionMethod,"rgb(227, 76, 2)"
CAST_Web_FunctionPropertyGet,"rgb(227, 76, 2)"
CAST_Forms_Trigger_Tab,"rgb(223, 18, 18)"
CAST_Forms_DataBlock_Tab,"rgb(223, 18, 18)"
CAST_Forms_DataBlockItem_Tab,"rgb(223, 18, 18)"
CAST_Forms_Menu_Tab,"rgb(223, 18, 18)"
CAST_Forms_MenuItem_Tab,"rgb(223, 18, 18)"
CAST_Forms_Procedure_Tab,"rgb(223, 18, 18)"
CAST_Forms_Function_Tab,"rgb(223, 18, 18)"
CAST_Forms_Package_Tab,"rgb(223, 18, 18)"
CAST_Forms_PackageBody_Tab,"rgb(223, 18, 18)"
CAST_Forms_RecordGroup_Tab,"rgb(223, 18, 18)"
CAST_Forms_LOV_Tab,"rgb(223, 18, 18)"
CAST_Forms_PropertyClass_Tab,"rgb(223, 18, 18)"
CAST_Forms_VisualAttributes_Tab,"rgb(223, 18, 18)"
CAST_Forms_ObjectLibrary,"rgb(223, 18, 18)"
CAST_Forms_ObjectLibraryTab,"rgb(223, 18, 18)"
PLSQLFILE,"rgb(241, 8, 8)"
CAST_Web_FunctionPropertyLet,"rgb(227, 76, 2)"
JSP_PROPERTY_MAPPING,"rgb(42, 98, 119)"
JSP_APPDESCRIPTOR,"rgb(42, 98, 119)"
JSP_PROPERTIES_FILE,"rgb(42, 98, 119)"
JSP_XMLCONFIG_FILE,"rgb(42, 98, 119)"
JSP_ACTION_MAPPING,"rgb(0, 77, 101)"
CAST_Web_FunctionPropertySet,"rgb(227, 76, 2)"
C_FILE,"rgb(243, 75, 7)"
C_CLASS,"rgb(243, 75, 7)"
C_METHOD,"rgb(243, 75, 7)"
C_GLOBAL,"rgb(243, 75, 7)"
C_FUNCTION,"rgb(243, 75, 7)"
C_MACRO,"rgb(243, 75, 7)"
CAST_Web_Instance,"rgb(227, 76, 2)"
C_ROOTDIRECTORY,"rgb(243, 75, 7)"
C_DIRECTORY,"rgb(243, 75, 7)"
JV_EJB_MESSAGE,"rgb(124, 42, 0)"
PLSQLANALYSE,"rgb(241, 8, 8)"
CAST_COBOL_Copybook,"rgb(97, 36, 219)"
CAST_COBOL_SavedProgram,"rgb(97, 36, 219)"
CAST_COBOL_Interface,"rgb(97, 36, 219)"
CAST_COBOL_Class,"rgb(97, 36, 219)"
CAST_COBOL_SavedSection,"rgb(97, 36, 219)"
CAST_COBOL_Directory,"rgb(97, 36, 219)"
COBOL_ROOTDIRECTORY,"rgb(97, 36, 219)"
CAST_COBOL_Entry,"rgb(97, 36, 219)"
CAST_Web_URLDirectory,"rgb(227, 76, 2)"
PB_GLOBALVARIABLE,"rgb(143, 15, 8)"
PB_MEMBERVARIABLE,"rgb(143, 15, 8)"
C_GLOBALVARIABLE,"rgb(243, 75, 7)"
C_MEMBER,"rgb(243, 75, 7)"
C_CLASSFOLDER,"rgb(243, 75, 7)"
CAST_JCL_CatalogedJob,"rgb(62, 74, 148)"
CAST_JCL_CatalogedProcedure,"rgb(62, 74, 148)"
CAST_JCL_AnalyzedIncludedFile,"rgb(62, 74, 148)"
CAST_JCL_InstreamProcedure,"rgb(62, 74, 148)"
CAST_JCL_Step,"rgb(62, 74, 148)"
CAST_JCL_Directory,"rgb(62, 74, 148)"
CAST_JCL_RootDirectory,"rgb(62, 74, 148)"
C_DESTRUCTOR,"rgb(243, 75, 7)"
C_CONSTRUCTOR,"rgb(243, 75, 7)"
C_STRUCT,"rgb(243, 75, 7)"
PB_ANALYSE,"rgb(143, 15, 8)"
C_UNION,"rgb(243, 75, 7)"
C_ENUM,"rgb(243, 75, 7)"
C_ENUMITEM,"rgb(243, 75, 7)"
C_TYPEDEF,"rgb(243, 75, 7)"
BO_UNIVERSE,"rgb(23, 111, 178)"
BO_CLASS,"rgb(23, 111, 178)"
BO_DOCUMENT,"rgb(23, 111, 178)"
BO_DATA_PROVIDER,"rgb(23, 111, 178)"
CAST_COBOL_SavedParagraph,"rgb(97, 36, 219)"
BO_OBJECT_IND,"rgb(23, 111, 178)"
BO_OBJECT_DIM,"rgb(23, 111, 178)"
BO_OBJECT_DET,"rgb(23, 111, 178)"
JCL_PROGRAM,"rgb(62, 74, 148)"
CAST_JCL_Dataset,"rgb(62, 74, 148)"
CAST_JCL_Index,"rgb(62, 74, 148)"
CAST_COBOL_SortDescription,"rgb(97, 36, 219)"
CAST_COBOL_SavedFileDescription,"rgb(97, 36, 219)"
JV_FILE,"rgb(176, 114, 1)"
JV_IMPORT,"rgb(176, 114, 1)"
JSP_TILES_DEF_FILE,"rgb(42, 98, 119)"
BO_CONDITION,"rgb(23, 111, 178)"
BO_LISTOFVALUE,"rgb(23, 111, 178)"
FORMS_RDF_NON_ORADB_QUERY,"rgb(223, 18, 18)"
FORMS_RDF_UNKNOWN_QUERY,"rgb(223, 18, 18)"
FORMS_RDF_ELEMENT,"rgb(223, 18, 18)"
FORMS_RDF_GROUP,"rgb(223, 18, 18)"
FORMS_RDF_DB_COLUMN,"rgb(223, 18, 18)"
FORMS_RDF_DATA_LINK,"rgb(223, 18, 18)"
FORMS_RDF_SUMMARY_COLUMN,"rgb(223, 18, 18)"
FORMS_RDF_FORMULA_COLUMN,"rgb(223, 18, 18)"
FORMS_RDF_PLACEHOLDER_COLUMN,"rgb(223, 18, 18)"
FORMS_RDF_USER_UNKNOWN_COLUMN,"rgb(223, 18, 18)"
FORMS_RDF_LAYOUT_MODEL,"rgb(223, 18, 18)"
FORMS_RDF_PARAMETER_FORM,"rgb(223, 18, 18)"
FORMS_RDF_HEADER,"rgb(223, 18, 18)"
FORMS_RDF_TRAILER,"rgb(223, 18, 18)"
FORMS_RDF_BODY,"rgb(223, 18, 18)"
FORMS_RDF_MARGIN,"rgb(223, 18, 18)"
FORMS_RDF_REPEATING_FRAME,"rgb(223, 18, 18)"
FORMS_RDF_FRAME,"rgb(223, 18, 18)"
FORMS_RDF_FIELD,"rgb(223, 18, 18)"
FORMS_RDF_BP_TEXT,"rgb(223, 18, 18)"
FORMS_RDF_BP_POLYGONE,"rgb(223, 18, 18)"
FORMS_RDF_BP_POLYLINE,"rgb(223, 18, 18)"
FORMS_RDF_BP_FREEHAND,"rgb(223, 18, 18)"
FORMS_RDF_BP_LINE,"rgb(223, 18, 18)"
FORMS_RDF_BP_RECTANGLE,"rgb(223, 18, 18)"
FORMS_RDF_BP_ROUNDED_RECTANGLE,"rgb(223, 18, 18)"
FORMS_RDF_BP_ELLIPSE,"rgb(223, 18, 18)"
FORMS_RDF_BP_ARC,"rgb(223, 18, 18)"
FORMS_RDF_BP_IMAGE,"rgb(223, 18, 18)"
FORMS_RDF_BP_UNKNOWN,"rgb(223, 18, 18)"
FORMS_RDF_BUTTON,"rgb(223, 18, 18)"
FORMS_RDF_CHART,"rgb(223, 18, 18)"
JSP_BEAN_TILES_DEF,"rgb(42, 98, 119)"
JSP_BEAN_PROP_TILES_DEF_ATTRIBUTE,"rgb(42, 98, 119)"
JV_TYPEPARAM,"rgb(176, 114, 1)"
BO_WEBI_DOCUMENT,"rgb(23, 111, 178)"
BO_REPORT,"rgb(23, 111, 178)"
BO_DATA_FILE,"rgb(23, 111, 178)"
BO_DATA_SQL,"rgb(23, 111, 178)"
BO_DATA_PROC,"rgb(23, 111, 178)"
BO_DATA_VBA,"rgb(23, 111, 178)"
BO_DATA_XML,"rgb(23, 111, 178)"
BO_DATA_OLAP,"rgb(23, 111, 178)"
FORMS_RDF_DATA_MODEL,"rgb(223, 18, 18)"
JV_JDO,"rgb(181, 26, 0)"
JSP_GENERIC,"rgb(42, 98, 119)"
CAST_Web_COMObjetsDirectory,"rgb(227, 76, 2)"
CAST_Web_GlobalVariablesDirectory,"rgb(148, 0, 255)"
COBOL_PSB,"rgb(97, 36, 219)"
COBOL_DBD,"rgb(97, 36, 219)"
CAST_IMS_SegmentPrototype,"rgb(101, 41, 198)"
CAST_IMS_Folder,"rgb(101, 41, 198)"
CAST_IMS_SavedDatabase,"rgb(36, 167, 219)"
CAST_IMS_AnalyzedSegment,"rgb(101, 41, 198)"
CAST_IMS_AnalyzedProgramSpecificationBlock,"rgb(101, 41, 198)"
CAST_IMS_DatabaseProgramControlBlock,"rgb(36, 167, 219)"
FORMS_RDF_MODULE,"rgb(223, 18, 18)"
FORMS_RDF_PROGRAM_UNIT,"rgb(223, 18, 18)"
FORMS_RDF_PREDEFINED_SOURCE,"rgb(223, 18, 18)"
FORMS_RDF_SYSTEM_PARAMETER,"rgb(223, 18, 18)"
FORMS_RDF_USER_PARAMETER,"rgb(223, 18, 18)"
FORMS_RDF_QUERY,"rgb(223, 18, 18)"
FORMS_RDF_EXT_FILE_QUERY,"rgb(223, 18, 18)"
FORMS_RDF_REF_CURSOR_QUERY,"rgb(223, 18, 18)"
CAST_COBOL_SavedConstantData,"rgb(97, 36, 219)"
CAST_COBOL_GenericData,"rgb(97, 36, 219)"
CAST_COBOL_SavedDivision,"rgb(97, 36, 219)"
CAST_IMS_AlternateProgramControlBlock,"rgb(97, 36, 219)"
CAST_COBOL_SavedConditionalTest,"rgb(97, 36, 219)"
COBOL_CICS_FILE,"rgb(97, 36, 219)"
JV_ENUM,"rgb(176, 114, 1)"
JV_ENUM_ITEM,"rgb(176, 114, 1)"
JSP_FORWARD,"rgb(0, 77, 101)"
JSP_STXX_PIPELINE,"rgb(42, 98, 119)"
JSP_STXX_TRANSFORM,"rgb(42, 98, 119)"
JSP_STXX_TRANSFORMS_FILE,"rgb(42, 98, 119)"
C_FILESCOPEFOLDER,"rgb(243, 75, 7)"
CAST_Web_Asp_Object,"rgb(148, 0, 255)"
CAST_Web_Asp_Method,"rgb(148, 0, 255)"
CAST_Web_Asp_Property,"rgb(148, 0, 255)"
CAST_Web_Asp_Collection,"rgb(148, 0, 255)"
CAST_Web_Asp_CollectionItem,"rgb(148, 0, 255)"
CAST_Web_Constant,"rgb(227, 76, 2)"
JSP_ELFUNCTION,"rgb(42, 98, 119)"
JSP_ATTRIBUTES_SCOPE,"rgb(42, 98, 119)"
JV_INST_CLASS,"rgb(176, 114, 1)"
JV_INST_INTERFACE,"rgb(176, 114, 1)"
JV_INST_METHOD,"rgb(176, 114, 1)"
JV_INST_CTOR,"rgb(176, 114, 1)"
C_TEMPLATE_PARAM,"rgb(243, 75, 7)"
C_TEMPLATE_CLASS_INSTANCE,"rgb(243, 75, 7)"
C_TEMPLATE_FUNCTION_INSTANCE,"rgb(243, 75, 7)"
C_TEMPLATE_METHOD_INSTANCE,"rgb(243, 75, 7)"
CAST_Forms_ModuleParameter,"rgb(223, 18, 18)"
CAST_Forms_DataBlock_Relation,"rgb(223, 18, 18)"
SPRING_BEANS_FILE,"rgb(102, 156, 53)"
SPRING_BEAN,"rgb(102, 156, 53)"
XML_BEAN,"rgb(42, 98, 119)"
JV_GENERIC_METHOD,"rgb(176, 114, 1)"
JV_GENERIC_CLASS,"rgb(176, 114, 1)"
JV_GENERIC_INTERFACE,"rgb(176, 114, 1)"
JV_GENERIC_CTOR,"rgb(176, 114, 1)"
SPRING_CONTROLLER,"rgb(102, 156, 53)"
SPRING_VIEW,"rgb(102, 156, 53)"
C_TEMPLATE_CLASS,"rgb(243, 75, 7)"
C_TEMPLATE_FUNCTION,"rgb(243, 75, 7)"
C_TEMPLATE_METHOD,"rgb(156, 1, 58)"
C_TEMPLATE_CTOR_INSTANCE,"rgb(243, 75, 7)"
C_TEMPLATE_CTOR,"rgb(243, 75, 7)"
CAST_Oracle_DefaultConstraint,"rgb(241, 8, 8)"
JCL_PSB,"rgb(62, 74, 148)"
CAST_IMS_GSAMProgramControlBlock,"rgb(101, 41, 198)"
CAST_IMS_AnalyzedFile,"rgb(101, 41, 198)"
CICS_FOLDER,"rgb(101, 41, 198)"
CICS_BMS,"rgb(101, 41, 198)"
CICS_CSDFILE,"rgb(101, 41, 198)"
CICS_CSDGROUP,"rgb(101, 41, 198)"
CICS_DATASET,"rgb(101, 41, 198)"
CICS_TRANSACTION,"rgb(101, 41, 198)"
CICS_DB2TRANS,"rgb(101, 41, 198)"
CICS_MAPSET,"rgb(101, 41, 198)"
CICS_MAP,"rgb(101, 41, 198)"
CICS_TDQUEUE,"rgb(101, 41, 198)"
CICS_TSMODEL,"rgb(101, 41, 198)"
CAST_CICS_TransactionPrototype,"rgb(101, 41, 198)"
COBOL_CICS_QUEUE,"rgb(97, 36, 219)"
COBOL_CICS_MAP,"rgb(97, 36, 219)"
CAST_COBOL_Literal,"rgb(97, 36, 219)"
abapProgram,"rgb(232, 39, 4)"
abapInclude,"rgb(232, 39, 4)"
abapFunctionPool,"rgb(232, 39, 4)"
abapTypePool,"rgb(232, 39, 4)"
abapForm,"rgb(232, 39, 4)"
abapFunction,"rgb(232, 39, 4)"
abapEventBlock,"rgb(232, 39, 4)"
abapProcessingScreen,"rgb(232, 39, 4)"
abapMacro,"rgb(232, 39, 4)"
abapModule,"rgb(232, 39, 4)"
abapUnresolvedObject,"rgb(232, 39, 4)"
abapUnresolvedFolder,"rgb(232, 39, 4)"
abapFrame,"rgb(232, 39, 4)"
abapModulePool,"rgb(232, 39, 4)"
SAPTable,"rgb(170, 86, 196)"
SAPView,"rgb(170, 86, 196)"
abapUserExit,"rgb(232, 39, 4)"
abapBadi,"rgb(232, 39, 4)"
abapSelectionScreen,"rgb(232, 39, 4)"
abapBookmarkFile,"rgb(232, 39, 4)"
CAST_ABAP_Package,"rgb(232, 39, 4)"
SAPTransactionFile,"rgb(170, 86, 196)"
SAPTransaction,"rgb(170, 86, 196)"
abapFlowLogicFile,"rgb(232, 39, 4)"
FORM_VALIDATION_FILE,"rgb(176, 114, 1)"
VALIDATION_FORM,"rgb(176, 114, 1)"
VALIDATION_FORM_FIELD,"rgb(176, 114, 1)"
STRUTS_CONFIG_FILE,"rgb(0, 77, 101)"
STRUTS_FORM_BEAN,"rgb(0, 77, 101)"
VALIDATION_FORMS_SET,"rgb(176, 114, 1)"
HIB_CONFIG_FILE,"rgb(141, 134, 0)"
HIB_MAPPING_FILE,"rgb(141, 134, 0)"
HIB_ENTITY,"rgb(141, 134, 0)"
HIB_ENTITY_PROPERTY,"rgb(141, 134, 0)"
HIB_HQL_NAMED_QUERY,"rgb(141, 134, 0)"
HIB_SQL_NAMED_QUERY,"rgb(141, 134, 0)"
JSF_FACES_CONFIG_FILE,"rgb(217, 80, 0)"
JSF_MANAGED_BEAN,"rgb(217, 80, 0)"
JSF_OUTCOME,"rgb(217, 80, 0)"
JSF_VALIDATOR,"rgb(217, 80, 0)"
JSF_CONVERTER,"rgb(217, 80, 0)"
JSF_VIEW_ID_PATTERN,"rgb(217, 80, 0)"
JSF_INPUT_FIELD,"rgb(217, 80, 0)"
JPA_ORM_CONFIG_FILE,"rgb(181, 26, 0)"
JPA_ENTITY,"rgb(181, 26, 0)"
JPA_ENTITY_PROPERTY,"rgb(181, 26, 0)"
JPA_EMBEDDABLE,"rgb(181, 26, 0)"
JPA_EMBEDDABLE_PROPERTY,"rgb(181, 26, 0)"
JPA_NAMED_QUERY,"rgb(181, 26, 0)"
JPA_NAMED_NATIVE_QUERY,"rgb(181, 26, 0)"
JPA_SQL_RESULT_SET,"rgb(181, 26, 0)"
JPA_PERS_CONFIG_FILE,"rgb(181, 26, 0)"
JPA_PERSISTENCE_UNIT,"rgb(181, 26, 0)"
URL,"rgb(227, 76, 2)"
SAPUnresolvedFolder,"rgb(0, 86, 214)"
AbapClassPool,"rgb(232, 39, 4)"
AbapInterfacePool,"rgb(232, 39, 4)"
AbapClass,"rgb(232, 39, 4)"
AbapInterface,"rgb(232, 39, 4)"
AbapMethod,"rgb(232, 39, 4)"
AbapConstructor,"rgb(232, 39, 4)"
AbapEvent,"rgb(232, 39, 4)"
AbapMember,"rgb(232, 39, 4)"
CAST_DotNet_DelegateCSharp,"rgb(23, 134, 0)"
CAST_DotNet_ClassCSharp,"rgb(23, 134, 0)"
CAST_DotNet_PropertyCSharp,"rgb(23, 134, 0)"
CAST_DotNet_PropertySetterCSharp,"rgb(23, 134, 0)"
CAST_DotNet_PropertyGetterCSharp,"rgb(23, 134, 0)"
CAST_DotNet_ConstructorCSharp,"rgb(23, 134, 0)"
CAST_DotNet_DestructorCSharp,"rgb(23, 134, 0)"
CAST_DotNet_ClassExternal,"rgb(148, 0, 255)"
CAST_DotNet_InterfaceExternal,"rgb(148, 0, 255)"
CAST_DotNet_StructureExternal,"rgb(148, 0, 255)"
CAST_DotNet_EnumerationExternal,"rgb(148, 0, 255)"
CAST_DotNet_DelegateExternal,"rgb(148, 0, 255)"
CAST_DotNet_MethodExternal,"rgb(148, 0, 255)"
CAST_DotNet_ConstructorExternal,"rgb(148, 0, 255)"
CAST_DotNet_DestructorExternal,"rgb(148, 0, 255)"
CAST_DotNet_ConstantExternal,"rgb(148, 0, 255)"
CAST_DotNet_EnumerationItemExternal,"rgb(148, 0, 255)"
CAST_DotNet_PropertyExternal,"rgb(148, 0, 255)"
CAST_DotNet_PropertySetterExternal,"rgb(148, 0, 255)"
CAST_DotNet_PropertyGetterExternal,"rgb(148, 0, 255)"
CAST_DotNet_InterfaceVB,"rgb(49, 79, 176)"
CAST_DotNet_StructureVB,"rgb(49, 79, 176)"
CAST_DotNet_EnumerationVB,"rgb(49, 79, 176)"
CAST_DotNet_DelegateVB,"rgb(49, 79, 176)"
CAST_DotNet_ClassVB,"rgb(49, 79, 176)"
CAST_DotNet_ModuleVB,"rgb(49, 79, 176)"
CAST_DotNet_PropertyVB,"rgb(49, 79, 176)"
CAST_DotNet_PropertySetterVB,"rgb(49, 79, 176)"
CAST_DotNet_PropertyGetterVB,"rgb(49, 79, 176)"
CAST_DotNet_ConstructorVB,"rgb(49, 79, 176)"
CAST_DotNet_DestructorVB,"rgb(49, 79, 176)"
CAST_DotNet_NamespaceDotNet,"rgb(148, 0, 255)"
CAST_DotNet_InterfaceCSharp,"rgb(23, 134, 0)"
CAST_DotNet_StructureCSharp,"rgb(23, 134, 0)"
CAST_DotNet_EnumerationCSharp,"rgb(23, 134, 0)"
CAST_Java_AnnotationType,"rgb(176, 114, 1)"
CAST_Java_AnnotationTypeMethod,"rgb(176, 114, 1)"
AbapEventMethod,"rgb(232, 39, 4)"
AbapAlias,"rgb(232, 39, 4)"
CAST_ABAP_FileLevelCodeUnit,"rgb(232, 39, 4)"
CAST_DotNet_EnumerationItemCSharp,"rgb(23, 134, 0)"
CAST_DotNet_FieldCSharp,"rgb(23, 134, 0)"
CAST_DotNet_ConstantCSharp,"rgb(23, 134, 0)"
CAST_DotNet_EventCSharp,"rgb(23, 134, 0)"
CAST_DotNet_EventAddonCSharp,"rgb(23, 134, 0)"
CAST_DotNet_EventRemoveonCSharp,"rgb(23, 134, 0)"
CAST_DotNet_MethodCSharp,"rgb(23, 134, 0)"
CAST_DotNet_IndexerCSharp,"rgb(23, 134, 0)"
CAST_DotNet_ClassBrowser,"rgb(148, 0, 255)"
CAST_DotNet_FileBrowser,"rgb(148, 0, 255)"
CAST_DotNet_ProjectReferences,"rgb(148, 0, 255)"
CAST_DotNet_Directory,"rgb(148, 0, 255)"
CAST_ABAP_SAPModule,"rgb(232, 39, 4)"
CAST_DotNet_IndexerSetterCSharp,"rgb(23, 134, 0)"
CAST_DotNet_IndexerGetterCSharp,"rgb(23, 134, 0)"
CAST_DotNet_GenericInterfaceCSharp,"rgb(23, 134, 0)"
CAST_DotNet_GenericStructureCSharp,"rgb(23, 134, 0)"
CAST_DotNet_GenericDelegateCSharp,"rgb(23, 134, 0)"
CAST_DotNet_GenericClassCSharp,"rgb(23, 134, 0)"
CAST_DotNet_GenericMethodCSharp,"rgb(23, 134, 0)"
CAST_DotNet_TypeParameterCSharp,"rgb(23, 134, 0)"
CAST_DotNet_SkinControlType,"rgb(148, 0, 255)"
CAST_DotNet_GlobalNamespace,"rgb(148, 0, 255)"
CAST_DotNet_InstantiatedGenericInterfaceCSharp,"rgb(23, 134, 0)"
CAST_DotNet_InstantiatedGenericClassCSharp,"rgb(23, 134, 0)"
CAST_DotNet_InstantiatedGenericStructureCSharp,"rgb(23, 134, 0)"
CAST_DotNet_InstantiatedGenericDelegateCSharp,"rgb(23, 134, 0)"
CAST_DotNet_AppSettingType,"rgb(148, 0, 255)"
CAST_SAP_BAPI,"rgb(170, 86, 196)"
CAST_SAP_BAPI_METHOD,"rgb(170, 86, 196)"
CAST_SAP_BAPI_KEY_FIELD,"rgb(170, 86, 196)"
CAST_SAP_BAPI_ATTRIBUTE,"rgb(170, 86, 196)"
CAST_SAP_BAPI_EVENT,"rgb(170, 86, 196)"
CAST_SAP_BAPI_File,"rgb(170, 86, 196)"
CAST_Web_HTC_Class,"rgb(227, 76, 2)"
CAST_Web_HTC_Property,"rgb(227, 76, 2)"
CAST_Web_HTC_Event,"rgb(227, 76, 2)"
CAST_Web_HTC_Method,"rgb(227, 76, 2)"
CAST_VBScript_ServerSide_Constant,"rgb(241, 224, 5)"
CAST_VBScript_ServerSide_Variable,"rgb(241, 224, 5)"
CAST_VBScript_ServerSide_Class,"rgb(241, 224, 5)"
CAST_VBScript_ServerSide_Sub,"rgb(241, 224, 5)"
CAST_VBScript_ServerSide_Function,"rgb(241, 224, 5)"
CAST_VBSCript_ServerSide_PropertyLet,"rgb(241, 224, 5)"
CAST_VBSCript_ServerSide_PropertyGet,"rgb(241, 224, 5)"
CAST_VBSCript_ServerSide_PropertySet,"rgb(241, 224, 5)"
CAST_VBScript_ClientSide_Constant,"rgb(241, 224, 5)"
CAST_VBScript_ClientSide_Class,"rgb(241, 224, 5)"
CAST_VBScript_ClientSide_Sub,"rgb(241, 224, 5)"
CAST_VBScript_ClientSide_Function,"rgb(241, 224, 5)"
CAST_VBSCript_ClientSide_PropertyLet,"rgb(241, 224, 5)"
CAST_VBSCript_ClientSide_PropertyGet,"rgb(241, 224, 5)"
CAST_VBSCript_ClientSide_PropertySet,"rgb(241, 224, 5)"
CAST_Web_ExternalUrlDirectory,"rgb(227, 76, 2)"
CAST_DotNet_UnaryOperatorCSharp,"rgb(23, 134, 0)"
CAST_DotNet_BinaryOperatorCSharp,"rgb(23, 134, 0)"
CAST_DotNet_ConversionOperatorCSharp,"rgb(23, 134, 0)"
CAST_HTML_Event,"rgb(227, 76, 2)"
CAST_Web_AppletDirectory,"rgb(227, 76, 2)"
CAST_Java_Applet,"rgb(176, 114, 1)"
CAST_Javascript_ClientSide_Variable,"rgb(241, 224, 5)"
CAST_Javascript_ServerSide_Variable,"rgb(241, 224, 5)"
CAST_Javascript_ServerSide_Method,"rgb(241, 224, 5)"
CAST_Javascript_ClientSide_Method,"rgb(241, 224, 5)"
CAST_Javascript_Method_Parameter,"rgb(241, 224, 5)"
CAST_VBScript_ClientSide_Variable,"rgb(241, 224, 5)"
CAST_Oracle_Instance,"rgb(241, 8, 8)"
CAST_Oracle_Schema,"rgb(241, 8, 8)"
CAST_Oracle_RelationalTable,"rgb(241, 8, 8)"
CAST_SQL_UnresolvedTableSource,"rgb(125, 125, 125)"
CAST_ANSISQL_UnresolvedColumn,"rgb(125, 125, 125)"
CAST_DotNet_Control,"rgb(148, 0, 255)"
CAST_DotNet_SourceFile,"rgb(148, 0, 255)"
CAST_DotNet_Application,"rgb(148, 0, 255)"
CAST_Oracle_Index,"rgb(241, 8, 8)"
CAST_Oracle_View,"rgb(241, 8, 8)"
CAST_Oracle_Sequence,"rgb(241, 8, 8)"
CAST_Oracle_DDL_Trigger,"rgb(241, 8, 8)"
CAST_Oracle_DML_Trigger,"rgb(241, 8, 8)"
CAST_Oracle_Procedure,"rgb(241, 8, 8)"
CAST_Oracle_Function,"rgb(241, 8, 8)"
CAST_Oracle_CheckConstraint,"rgb(241, 8, 8)"
CAST_Oracle_PrimaryKeyConstraint,"rgb(241, 8, 8)"
CAST_Oracle_UniqueConstraint,"rgb(241, 8, 8)"
CAST_Oracle_ForeignKeyConstraint,"rgb(241, 8, 8)"
CAST_Oracle_PackageHeader,"rgb(241, 8, 8)"
CAST_Oracle_PackageBody,"rgb(241, 8, 8)"
CAST_ANSISQL_Domain,"rgb(227, 140, 0)"
CAST_Oracle_ObjectTypeIncomplete,"rgb(241, 8, 8)"
CAST_Oracle_CollectionVarray,"rgb(241, 8, 8)"
CAST_Oracle_CollectionNestedTable,"rgb(241, 8, 8)"
CAST_Oracle_ObjectType,"rgb(241, 8, 8)"
CAST_Oracle_ObjectTypeBody,"rgb(241, 8, 8)"
CAST_Oracle_DatabaseLink,"rgb(241, 8, 8)"
CAST_Oracle_FunctionBasedIndex,"rgb(241, 8, 8)"
CAST_Oracle_BitmapIndex,"rgb(241, 8, 8)"
CAST_Oracle_MaterializedView,"rgb(241, 8, 8)"
CAST_Oracle_Event_Trigger,"rgb(241, 8, 8)"
CAST_DotNet_ClassCSharpDataSet,"rgb(23, 134, 0)"
CAST_DotNet_ClassCSharpUserControl,"rgb(23, 134, 0)"
CAST_DotNet_ClassCSharpForm,"rgb(23, 134, 0)"
CAST_DotNet_ClassCSharpCustomControl,"rgb(23, 134, 0)"
CAST_DotNet_ClassCSharpComponent,"rgb(23, 134, 0)"
CAST_DotNet_ClassCSharpServiceBase,"rgb(23, 134, 0)"
CAST_DotNet_ClassCSharpServicedComponent,"rgb(23, 134, 0)"
CAST_DotNet_ClassCSharpInstaller,"rgb(23, 134, 0)"
CAST_DotNet_ClassCSharpWebService,"rgb(23, 134, 0)"
CAST_DotNet_ClassCSharpWebServiceProxy,"rgb(23, 134, 0)"
CAST_DotNet_ClassCSharpCrystalReportClass,"rgb(23, 134, 0)"
CAST_DotNet_FieldCSharpServerControl,"rgb(23, 134, 0)"
CAST_DotNet_ClassCSharpException,"rgb(23, 134, 0)"
CAST_DotNet_ClassCSharpCustomAttribute,"rgb(23, 134, 0)"
CAST_Oracle_TableColumn,"rgb(241, 8, 8)"
CAST_ANSISQL_Owner,"rgb(227, 140, 0)"
CAST_MSTSQL_RelationalTable,"rgb(56, 138, 229)"
CAST_MSTSQL_TableColumn,"rgb(56, 138, 229)"
CAST_MSTSQL_View,"rgb(56, 138, 229)"
CAST_MSTSQL_Procedure,"rgb(56, 138, 229)"
CAST_MSTSQL_Function,"rgb(56, 138, 229)"
CAST_MSTSQL_Index,"rgb(56, 138, 229)"
CAST_MSTSQL_DML_Trigger,"rgb(56, 138, 229)"
CAST_SAP_R3WDYN_Component,"rgb(170, 86, 196)"
CAST_SAP_R3WDYN_ComponentController,"rgb(170, 86, 196)"
CAST_SAP_R3WDYN_InterfaceController,"rgb(170, 86, 196)"
CAST_SAP_R3WDYN_InterfaceView,"rgb(170, 86, 196)"
CAST_SAP_R3WDYN_View,"rgb(170, 86, 196)"
CAST_SAP_R3WDYN_Window,"rgb(170, 86, 196)"
CAST_SAP_R3WDYN_Application,"rgb(170, 86, 196)"
CAST_SAP_R3WDYN_Attribute,"rgb(170, 86, 196)"
CAST_SAP_R3WDYN_Action,"rgb(170, 86, 196)"
CAST_SAP_R3WDYN_EventHandler,"rgb(170, 86, 196)"
CAST_SAP_R3WDYN_Method,"rgb(170, 86, 196)"
CAST_SAP_R3WDYN_File,"rgb(170, 86, 196)"
CAST_SAP_R3WDYN_SupplyFunction,"rgb(170, 86, 196)"
CAST_SQL_UnresolvedSchema,"rgb(227, 140, 0)"
CAST_SQL_UnresolvedServer,"rgb(227, 140, 0)"
CAST_SQL_UnresolvedProcedure,"rgb(227, 140, 0)"
CAST_SQL_UnresolvedFunction,"rgb(227, 140, 0)"
CAST_DotNet_CSharpFile,"rgb(23, 134, 0)"
CAST_DotNet_VBNetFile,"rgb(148, 0, 255)"
CAST_DotNet_AspxFile,"rgb(148, 0, 255)"
CAST_DotNet_AscxFile,"rgb(148, 0, 255)"
CAST_DotNet_AsmxFile,"rgb(148, 0, 255)"
CAST_DotNet_AsaxFile,"rgb(148, 0, 255)"
CAST_DotNet_MasterFile,"rgb(148, 0, 255)"
CAST_DotNet_SkinFile,"rgb(148, 0, 255)"
CAST_DotNet_HtmFile,"rgb(148, 0, 255)"
CAST_DotNet_HtmlFile,"rgb(148, 0, 255)"
CAST_DotNet_HtcFile,"rgb(148, 0, 255)"
CAST_DotNet_JavaScriptFile,"rgb(241, 224, 5)"
CAST_DotNet_AsaFile,"rgb(148, 0, 255)"
CAST_DotNet_AspFile,"rgb(148, 0, 255)"
CAST_DotNet_VBScriptFile,"rgb(148, 0, 255)"
CAST_DotNet_ConfigurationFile,"rgb(148, 0, 255)"
CAST_DotNet_SettingsFile,"rgb(148, 0, 255)"
CAST_DotNet_DataSetFile,"rgb(148, 0, 255)"
CAST_SAP_R3WDYN_InboundPlugin,"rgb(170, 86, 196)"
CAST_SAP_R3WDYN_OutboundPlugin,"rgb(170, 86, 196)"
CAST_SQL_NamedQuery,"rgb(125, 125, 125)"
CAST_DotNet_GenericClassExternal,"rgb(148, 0, 255)"
CAST_DotNet_GenericInterfaceExternal,"rgb(148, 0, 255)"
CAST_DotNet_GenericStructureExternal,"rgb(148, 0, 255)"
CAST_DotNet_GenericDelegateExternal,"rgb(148, 0, 255)"
CAST_DotNet_TypeParameterExternal,"rgb(148, 0, 255)"
CAST_DotNet_EventExternal,"rgb(148, 0, 255)"
CAST_DotNet_EventAddExternal,"rgb(148, 0, 255)"
CAST_DotNet_EventRemoveExternal,"rgb(148, 0, 255)"
CAST_DotNet_FieldExternal,"rgb(148, 0, 255)"
CAST_DotNet_GenericMethodExternal,"rgb(148, 0, 255)"
CAST_DotNet_IndexerExternal,"rgb(148, 0, 255)"
CAST_DotNet_IndexerGetterExternal,"rgb(148, 0, 255)"
CAST_DotNet_IndexerSetterExternal,"rgb(148, 0, 255)"
CAST_DotNet_UnaryOperatorExternal,"rgb(148, 0, 255)"
CAST_DotNet_BinaryOperatorExternal,"rgb(148, 0, 255)"
CAST_DotNet_ConversionOperatorExternal,"rgb(148, 0, 255)"
CAST_COBOL_ProgramPrototype,"rgb(97, 36, 219)"
CAST_JCL_ProcedurePrototype,"rgb(62, 74, 148)"
CAST_JCL_IncludedFilePrototype,"rgb(62, 74, 148)"
CAST_DotNet_InstantiatedGenericClassExternal,"rgb(148, 0, 255)"
CAST_DotNet_InstantiatedGenericInterfaceExternal,"rgb(148, 0, 255)"
CAST_DotNet_InstantiatedGenericStructureExternal,"rgb(148, 0, 255)"
CAST_DotNet_InstantiatedGenericDelegateExternal,"rgb(148, 0, 255)"
CAST_DotNet_ClassExternalException,"rgb(148, 0, 255)"
CAST_DotNet_ClassExternalCustomAttribute,"rgb(148, 0, 255)"
CAST_DotNet_ClassExternalDataSet,"rgb(148, 0, 255)"
CAST_DotNet_ClassExternalUserControl,"rgb(148, 0, 255)"
CAST_DotNet_ClassExternalForm,"rgb(148, 0, 255)"
CAST_DotNet_ClassExternalCustomControl,"rgb(148, 0, 255)"
CAST_DotNet_ClassExternalComponent,"rgb(148, 0, 255)"
CAST_DotNet_ClassExternalServiceBase,"rgb(148, 0, 255)"
CAST_DotNet_ClassExternalServicedComponent,"rgb(148, 0, 255)"
CAST_DotNet_ClassExternalInstaller,"rgb(148, 0, 255)"
CAST_DotNet_ClassExternalWebService,"rgb(148, 0, 255)"
CAST_DotNet_ClassExternalWebServiceProxy,"rgb(148, 0, 255)"
CAST_DotNet_ClassExternalCrystalReportClass,"rgb(148, 0, 255)"
CAST_DotNet_FieldExternalServerControl,"rgb(148, 0, 255)"
CAST_COBOL_UtilityProgram,"rgb(62, 74, 148)"
CAST_JCL_UtilityProcedure,"rgb(62, 74, 148)"
CAST_Oracle_ViewColumn,"rgb(241, 8, 8)"
CAST_MSTSQL_ViewColumn,"rgb(56, 138, 229)"
CAST_DotNet_XamlFile,"rgb(0, 86, 214)"
CAST_IMS_ProgramSpecificationBlockPrototype,"rgb(101, 41, 198)"
CAST_AST_ANSISQL_AnonymousDatatype,"rgb(241, 8, 8)"
CAST_COBOL_ExternalFilePrototype,"rgb(97, 36, 219)"
CAST_COBOL_SavedDeclaratives,"rgb(97, 36, 219)"
CAST_COBOL_SavedDeclarativesSection,"rgb(97, 36, 219)"
CAST_COBOL_SavedDeclarativesParagraph,"rgb(97, 36, 219)"
CAST_Oracle_PrivateProcedure,"rgb(241, 8, 8)"
CAST_Oracle_PrivateFunction,"rgb(241, 8, 8)"
CAST_DotNet_InstantiatedGenericMethodCSharp,"rgb(23, 134, 0)"
CAST_DotNet_InstantiatedGenericMethodExternal,"rgb(148, 0, 255)"
CAST_ABAP_ConstantAbapMember,"rgb(232, 39, 4)"
CAST_Oracle_Cursor,"rgb(241, 8, 8)"
CAST_ABAP_SAPTableColumn,"rgb(19, 133, 237)"
CAST_ABAP_SAPTableIndex,"rgb(19, 133, 237)"
CAST_ABAP_SAPTablePrimaryKey,"rgb(19, 133, 237)"
CAST_ABAP_SAPTableForeignKey,"rgb(19, 133, 237)"
CAST_Java_LocalVariable,"rgb(176, 114, 1)"
CAST_Oracle_ExternalSchema,"rgb(241, 8, 8)"
CAST_IMS_DatabasePrototype,"rgb(36, 167, 219)"
CAST_ANSISQL_ExternalObject,"rgb(227, 140, 0)"
CAST_IMS_ProgramControlBlockPrototype,"rgb(101, 41, 198)"
CAST_Oracle_PublicSynonym,"rgb(241, 8, 8)"
CAST_Oracle_PrivateSynonym,"rgb(241, 8, 8)"
CAST_CICS_TDQueuePrototype,"rgb(101, 41, 198)"
CAST_CICS_MapSetPrototype,"rgb(101, 41, 198)"
CAST_CICS_MapPrototype,"rgb(101, 41, 198)"
CAST_IMS_FilePrototype,"rgb(101, 41, 198)"
CAST_Oracle_ObjectTable,"rgb(241, 8, 8)"
CAST_JEE_Annotation_file,"rgb(181, 26, 0)"
CAST_Mainframe_NotHandledType,"rgb(75, 144, 226)"
CAST_DotNet_FieldVB,"rgb(49, 79, 176)"
CAST_DotNet_ConstantVB,"rgb(49, 79, 176)"
CAST_DotNet_MethodVB,"rgb(49, 79, 176)"
CAST_DotNet_UnaryOperatorVB,"rgb(49, 79, 176)"
CAST_DotNet_BinaryOperatorVB,"rgb(49, 79, 176)"
CAST_DotNet_ConversionOperatorVB,"rgb(49, 79, 176)"
CAST_MSTSQL_Database,"rgb(56, 138, 229)"
CAST_MSTSQL_Schema,"rgb(56, 138, 229)"
CAST_MSTSQL_ExternalSchema,"rgb(56, 138, 229)"
CAST_MSTSQL_Instance,"rgb(56, 138, 229)"
CAST_ASETSQL_DML_Trigger,"rgb(203, 28, 233)"
CAST_ASETSQL_Index,"rgb(203, 28, 233)"
CAST_ASETSQL_JFunction,"rgb(203, 28, 233)"
CAST_ASETSQL_Procedure,"rgb(203, 28, 233)"
CAST_ASETSQL_ViewColumn,"rgb(203, 28, 233)"
CAST_ASETSQL_View,"rgb(203, 28, 233)"
CAST_ASETSQL_TableColumn,"rgb(203, 28, 233)"
CAST_ASETSQL_RelationalTable,"rgb(203, 28, 233)"
CAST_ASETSQL_ExternalSchema,"rgb(203, 28, 233)"
CAST_ASETSQL_Schema,"rgb(203, 28, 233)"
CAST_ASETSQL_Database,"rgb(203, 28, 233)"
CAST_ASETSQL_Instance,"rgb(203, 28, 233)"
CAST_CICS_DatasetPrototype,"rgb(101, 41, 198)"
CAST_JCL_CatalogedJobPrototype,"rgb(62, 74, 148)"
CAST_DotNet_DynamicType,"rgb(148, 0, 255)"
CAST_JEE_StrutsAction,"rgb(0, 77, 101)"
CAST_JEE_StrutsInterceptor,"rgb(0, 77, 101)"
CAST_JEE_StrutsResult,"rgb(0, 77, 101)"
CAST_JEE_StrutsPackage,"rgb(0, 77, 101)"
CAST_JEE_StrutsFilter,"rgb(0, 77, 101)"
CAST_JEE_StrutsInterceptorStack,"rgb(0, 77, 101)"
CAST_JEE_StrutsValidator,"rgb(0, 77, 101)"
CAST_JEE_VALIDATION_FORM,"rgb(176, 114, 1)"
CAST_JEE_VALIDATION_FORM_FIELD,"rgb(176, 114, 1)"
CAST_Forms_AttachedLibrary,"rgb(223, 18, 18)"
CAST_Forms_Alert,"rgb(223, 18, 18)"
CAST_Forms_ObjectGroup,"rgb(223, 18, 18)"
CAST_Forms_Canvas,"rgb(223, 18, 18)"
CAST_Forms_Graphics,"rgb(223, 18, 18)"
CAST_Forms_Editor,"rgb(223, 18, 18)"
CAST_Forms_Window,"rgb(223, 18, 18)"
CAST_JEE_Struts2_ConfigurationFile,"rgb(0, 77, 101)"
CAST_C_CLR_Property,"rgb(243, 75, 7)"
CAST_C_CLR_PropertySetter,"rgb(243, 75, 7)"
CAST_C_CLR_PropertyGetter,"rgb(243, 75, 7)"
CAST_C_CLR_Event,"rgb(243, 75, 7)"
CAST_C_CLR_EventAddon,"rgb(243, 75, 7)"
CAST_C_CLR_EventRemoveon,"rgb(243, 75, 7)"
CAST_C_CLR_EventRaise,"rgb(243, 75, 7)"
CAST_Forms_Alert_Tab,"rgb(223, 18, 18)"
CAST_Forms_Graphics_Tab,"rgb(223, 18, 18)"
CAST_Forms_Canvas_Tab,"rgb(223, 18, 18)"
CAST_Forms_ObjectGroup_Tab,"rgb(223, 18, 18)"
CAST_Forms_ModuleParameter_Tab,"rgb(223, 18, 18)"
CAST_Forms_PrivateFunction,"rgb(223, 18, 18)"
CAST_Forms_PrivateProcedure,"rgb(223, 18, 18)"
CAST_Forms_PrivateFunction_Tab,"rgb(223, 18, 18)"
CAST_Forms_PrivateProcedure_Tab,"rgb(223, 18, 18)"
CAST_ABAP_SAPUnresolvedTable,"rgb(19, 133, 237)"
CAST_Forms_Window_Tab,"rgb(223, 18, 18)"
CAST_Forms_Editor_Tab,"rgb(223, 18, 18)"
CAST_MSTSQL_PrimaryKeyConstraint,"rgb(56, 138, 229)"
CAST_MSTSQL_ForeignKeyConstraint,"rgb(56, 138, 229)"
CAST_ASETSQL_PrimaryKeyConstraint,"rgb(203, 28, 233)"
CAST_ASETSQL_ForeignKeyConstraint,"rgb(203, 28, 233)"
CAST_MSTSQL_UniqueConstraint,"rgb(56, 138, 229)"
CAST_ASETSQL_UniqueConstraint,"rgb(203, 28, 233)"
CAST_DotNet_ClassVBException,"rgb(49, 79, 176)"
CAST_DotNet_ClassVBCustomAttribute,"rgb(49, 79, 176)"
CAST_DotNet_ClassVBDataSet,"rgb(49, 79, 176)"
CAST_DotNet_ClassVBUserControl,"rgb(49, 79, 176)"
CAST_DotNet_ClassVBForm,"rgb(49, 79, 176)"
CAST_DotNet_ClassVBCustomControl,"rgb(49, 79, 176)"
CAST_DotNet_ClassVBComponent,"rgb(49, 79, 176)"
CAST_DotNet_ClassVBServiceBase,"rgb(49, 79, 176)"
CAST_DotNet_ClassVBServicedComponent,"rgb(49, 79, 176)"
CAST_DotNet_ClassVBInstaller,"rgb(49, 79, 176)"
CAST_DotNet_ClassVBWebService,"rgb(49, 79, 176)"
CAST_DotNet_ClassVBWebServiceProxy,"rgb(49, 79, 176)"
CAST_DotNet_ClassVBCrystalReportClass,"rgb(49, 79, 176)"
CAST_DotNet_MethodPrototype,"rgb(148, 0, 255)"
CAST_DotNet_GenericClassVB,"rgb(49, 79, 176)"
CAST_DotNet_InstantiatedGenericClassVB,"rgb(49, 79, 176)"
CAST_DotNet_TypeParameterVB,"rgb(49, 79, 176)"
CAST_DotNet_GenericInterfaceVB,"rgb(49, 79, 176)"
CAST_DotNet_InstantiatedGenericInterfaceVB,"rgb(49, 79, 176)"
CAST_DotNet_GenericStructureVB,"rgb(49, 79, 176)"
CAST_DotNet_InstantiatedGenericStructureVB,"rgb(49, 79, 176)"
CAST_DotNet_EnumerationItemVB,"rgb(49, 79, 176)"
CAST_DotNet_GenericDelegateVB,"rgb(49, 79, 176)"
CAST_DotNet_InstantiatedGenericDelegateVB,"rgb(49, 79, 176)"
CAST_DotNet_EventVB,"rgb(49, 79, 176)"
CAST_DotNet_EventAddonVB,"rgb(49, 79, 176)"
CAST_DotNet_EventRemoveonVB,"rgb(49, 79, 176)"
CAST_DotNet_FieldVBServerControl,"rgb(49, 79, 176)"
CAST_DotNet_GenericMethodVB,"rgb(49, 79, 176)"
CAST_DotNet_InstantiatedGenericMethodVB,"rgb(49, 79, 176)"
CAST_DotNet_IndexerVB,"rgb(49, 79, 176)"
CAST_DotNet_IndexerSetterVB,"rgb(49, 79, 176)"
CAST_DotNet_IndexerGetterVB,"rgb(49, 79, 176)"
CAST_ASETSQL_ExternalDatabase,"rgb(203, 28, 233)"
CAST_MSTSQL_ExternalDatabase,"rgb(56, 138, 229)"
CAST_ASETSQL_ExternalInstance,"rgb(203, 28, 233)"
CAST_MSTSQL_ExternalInstance,"rgb(56, 138, 229)"
CAST_DotNet_EventRaiseVB,"rgb(49, 79, 176)"
CAST_DotNet_FieldCSharpCustomControl,"rgb(23, 134, 0)"
CAST_DotNet_FieldExternalCustomControl,"rgb(148, 0, 255)"
CAST_DotNet_FieldVBCustomControl,"rgb(49, 79, 176)"
CAST_JEE_SpringBeanProperty,"rgb(102, 156, 53)"
CAST_Java_Lambda,"rgb(176, 114, 1)"
CAST_COBOL_NestedProgram,"rgb(97, 36, 219)"
CDI_BEAN,"rgb(176, 114, 1)"
CAST_DotNet_SOAP_Proxy,"rgb(148, 0, 255)"
CAST_DotNet_SOAP_Server,"rgb(148, 0, 255)"
CAST_JEE_SINGLETON,"rgb(176, 114, 1)"
CAST_JEE_Spring_Batch_Job,"rgb(102, 156, 53)"
CAST_JEE_Spring_Batch_Step,"rgb(102, 156, 53)"
CAST_BO_Folder,"rgb(23, 111, 178)"
CAST_SpringData_UnknownTable,"rgb(102, 156, 53)"
CAST_RabbitMQ_Java_Exchange,"rgb(176, 114, 1)"
CAST_RabbitMQ_Java_Queue,"rgb(176, 114, 1)"
CAST_RabbitMQ_Python_Exchange,"rgb(53, 114, 10)"
CAST_RabbitMQ_Python_Queue,"rgb(53, 114, 10)"
CAST_IBMMQ_Java_QueueCall,"rgb(176, 114, 1)"
CAST_IBMMQ_Java_QueueReceive,"rgb(176, 114, 1)"
CAST_IBMMQ_Python_QueueCall,"rgb(53, 114, 10)"
CAST_IBMMQ_Python_QueueReceive,"rgb(53, 114, 10)"
CAST_SpringSecurity_Configuration,"rgb(102, 156, 53)"
CAST_JAXRS_GetResourceService,"rgb(181, 26, 0)"
CAST_C_SQLQuery,"rgb(156, 1, 58)"
CAST_COBOL_MQ_Publisher,"rgb(32, 166, 153)"
CAST_COBOL_MQ_Subscriber,"rgb(32, 166, 153)"
CAST_DotNet_Executable,"rgb(148, 0, 255)"
SAPCDSView,"rgb(232, 39, 4)"
CAST_IMS_TransactionFile,"rgb(97, 36, 219)"
CAST_IMS_Transaction,"rgb(97, 36, 219)"
CAST_JCL_SQLQuery,"rgb(62, 74, 148)"
CAST_Java_Service_CallToGet,"rgb(0, 140, 180)"
CAST_Java_Service_CallToPost,"rgb(176, 114, 1)"
CAST_Java_Service_CallToPut,"rgb(176, 114, 1)"
CAST_Java_Service_CallToDelete,"rgb(176, 114, 1)"
CAST_JCL_JCLToJava,"rgb(62, 74, 148)"
CAST_IMS_MessageFormatService,"rgb(23, 109, 162)"
CAST_IMS_MessageInputDescriptor,"rgb(23, 109, 162)"
CAST_IMS_MessageOutputDescriptor,"rgb(23, 109, 162)"
CAST_Java_Service_CallToPatch2,"rgb(176, 114, 1)"
CAST_Java2Program_JavaCall,"rgb(176, 114, 1)"
CAST_Java2Program_GeneralCall,"rgb(176, 114, 1)"
CAST_Java2Program_JarProgram,"rgb(176, 114, 1)"
CAST_Dotnet_Service_CallToGet,"rgb(148, 0, 255)"
CAST_Dotnet_Service_CallToPost,"rgb(148, 0, 255)"
CAST_Dotnet_Service_CallToPut,"rgb(148, 0, 255)"
CAST_Dotnet_Service_CallToDelete,"rgb(148, 0, 255)"
CAST_Dotnet_Service_CallToPatch,"rgb(148, 0, 255)"
CAST_JCL_ResolvedDataset,"rgb(62, 74, 148)"
JV_RECORD,"rgb(176, 114, 1)"
JV_RECORD_COMPONENT,"rgb(176, 114, 1)"
CAST_Dotnet_ADO_SqlQuery,"rgb(148, 0, 255)"
CAST_DotNet_Dapper_SQLQuery,"rgb(148, 0, 255)"
CAST_DotNet_NHibernate_Entity,"rgb(148, 0, 255)"
CAST_DotNet_NHibernate_Entity_Operation,"rgb(122, 74, 0)"
CAST_Java_GCP_Bigtable_Table,"rgb(255, 64, 19)"
CAST_Java_Unknown_GCP_Bigtable_Table,"rgb(255, 64, 19)"
CAST_DotNet_GCP_Bigtable_Table,"rgb(137, 12, 215)"
CAST_DotNet_Unknown_GCP_Bigtable_Table,"rgb(137, 12, 215)"
CAST_Java_JPA_Entity,"rgb(176, 114, 1)"
CAST_Java_JPA_Entity_Operation,"rgb(141, 134, 0)"
CAST_JAVA_SQLQuery,"rgb(176, 114, 1)"
CAST_DotNet_Dapper_Entity_Operation,"rgb(142, 21, 217)"
CAST_DotNet_Dapper_Entity,"rgb(148, 0, 255)"
CAST_Java_Spark_JDBC_Write,"rgb(176, 114, 1)"
CAST_Java_Spark_JDBC_Read,"rgb(176, 114, 1)"
CAST_Java_Spark_JDBC_SQLQuery,"rgb(176, 114, 1)"
CAST_Java_GCP_CloudStorage_Bucket,"rgb(255, 64, 19)"
CAST_Java_Unknown_GCP_CloudStorage_Bucket,"rgb(255, 64, 19)"
CAST_DotNet_GCP_CloudStorage_Bucket,"rgb(137, 12, 215)"
CAST_DotNet_GCP_Unknown_CloudStorage_Bucket,"rgb(137, 12, 215)"
CAST_Java_JPA_SQLQuery,"rgb(176, 114, 1)"
CAST_DotNet_GCP_PubSub_Publisher,"rgb(137, 12, 215)"
CAST_DotNet_GCP_PubSub_Unknown_Publisher,"rgb(137, 12, 215)"
CAST_DotNet_GCP_PubSub_Receiver,"rgb(137, 12, 215)"
CAST_DotNet_NHibernate_SQLQuery,"rgb(148, 0, 255)"
CAST_DotNet_GCP_PubSub_Subscription,"rgb(137, 12, 215)"
CAST_JAVA_JDBC_SQLQuery,"rgb(176, 114, 1)"
CAST_Java_GCP_PubSub_Publisher,"rgb(255, 64, 19)"
CAST_Java_GCP_Unknown_PubSub_Publisher,"rgb(255, 64, 19)"
CAST_Java_GCP_PubSub_Subscription,"rgb(255, 64, 19)"
CAST_Java_GCP_PubSub_Receiver,"rgb(255, 64, 19)"
CAST_Java_GCP_Unknown_PubSub_Receiver,"rgb(255, 64, 19)"
CAST_DotNet_GCP_Unknown_PubSub_Receiver,"rgb(137, 12, 215)"
CAST_DotNet_NHibernate_HQLQuery,"rgb(148, 0, 255)"
CAST_JAVA_JOOQ_SQLQuery,"rgb(176, 114, 1)"
CAST_Cobol_SQLQuery,"rgb(97, 36, 219)"
CAST_DotNet_EntLib_SQL_Query,"rgb(148, 0, 255)"
CAST_JAVA_JDBI_SQLQuery,"rgb(176, 114, 1)"
CAST_DotNet_gRPC_Method,"rgb(0, 163, 215)"
CAST_DotNet_CallTo_gRPC,"rgb(0, 163, 215)"
CAST_Java_JPA_JPQLQuery,"rgb(176, 114, 1)"
CAST_DotNet_Kafka_Publisher,"rgb(227, 36, 0)"
CAST_DotNet_Kafka_Unknown_Publisher,"rgb(227, 36, 0)"
CAST_DotNet_Kafka_Unknown_Receiver,"rgb(227, 36, 0)"
CAST_DotNet_Kafka_Receiver,"rgb(227, 36, 0)"
CAST_Java_JOOQ_Entity_Operation,"rgb(181, 26, 0)"
CAST_Java_JOOQ_Entity,"rgb(176, 114, 1)"
CAST_Java_Freemarker_FTLParameter,"rgb(176, 114, 1)"
CAST_Java_Freemarker_CallToFTL,"rgb(176, 114, 1)"
CAST_CICS_Webservice,"rgb(101, 41, 198)"
CAST_wsdl_CICS_webservice,"rgb(101, 41, 198)"
CAST_DotNet_ODataClient_GetHttpRequestService,"rgb(148, 0, 255)"
CAST_DotNet_ODataClient_DeleteHttpRequestService,"rgb(148, 0, 255)"
PLIFunction,"rgb(86, 153, 227)"
PLIMainProcedure,"rgb(86, 153, 227)"
PLIFileStructure,"rgb(86, 153, 227)"
PLIProcedure,"rgb(86, 153, 227)"
PLIErrorBlock,"rgb(86, 153, 227)"
PLIDB2Table,"rgb(86, 153, 227)"
PLCFunction,"rgb(86, 153, 227)"
PLCFileStructure,"rgb(86, 153, 227)"
PLCMainProcedure,"rgb(86, 153, 227)"
PLCProcedure,"rgb(86, 153, 227)"
PLCDB2Table,"rgb(86, 153, 227)"
PLCInclude,"rgb(86, 153, 227)"
PLCErrorBlock,"rgb(86, 153, 227)"
FortranProgram,"rgb(77, 65, 11)"
FortranModule,"rgb(77, 65, 11)"
FortranExternalSubroutine,"rgb(77, 65, 11)"
FortranExternalFunction,"rgb(77, 65, 11)"
FortranInterface,"rgb(77, 65, 11)"
FortranInternalSubroutine,"rgb(77, 65, 11)"
FortranInternalFunction,"rgb(77, 65, 11)"
FortranIOSTATVariable,"rgb(77, 65, 11)"
FortranSTATVariable,"rgb(77, 65, 11)"
FLEX_package,"rgb(208, 48, 10)"
FLEX_script,"rgb(208, 48, 10)"
FLEX_class,"rgb(208, 48, 10)"
FLEX_function,"rgb(208, 48, 10)"
FLEX_getter,"rgb(208, 48, 10)"
FLEX_setter,"rgb(208, 48, 10)"
FLEX_field,"rgb(208, 48, 10)"
FLEX_destination,"rgb(208, 48, 10)"
FLEX_RemoteObject,"rgb(208, 48, 10)"
FLEX_DestinationSource,"rgb(208, 48, 10)"
FLEX_RemoteClass,"rgb(208, 48, 10)"
RPG400Program,"rgb(154, 54, 215)"
RPG400MainSubroutine,"rgb(154, 54, 215)"
RPG400Subroutine,"rgb(154, 54, 215)"
RPG400FilePrinter,"rgb(154, 54, 215)"
RPG400FileDisk,"rgb(154, 54, 215)"
RPG400FileWorkstn,"rgb(154, 54, 215)"
RPG400FileSpecial,"rgb(154, 54, 215)"
RPG400FileSeq,"rgb(154, 54, 215)"
RPG400Procedure,"rgb(154, 54, 215)"
RPG400ProcedurePrototype,"rgb(154, 54, 215)"
RPG400SQLStructure,"rgb(154, 54, 215)"
RPG400CopyProgram,"rgb(154, 54, 215)"
RPG400Module,"rgb(154, 54, 215)"
RPG400UnknownProgram,"rgb(154, 54, 215)"
RPG400UnknownCopy,"rgb(154, 54, 215)"
RPG400UnknownDDSDiskFile,"rgb(190, 56, 243)"
RPG400UnknownDDSPrinterFile,"rgb(255, 134, 71)"
RPG400UnknownDDSDisplayFile,"rgb(255, 134, 71)"
RPG400UnknownProcedure,"rgb(154, 54, 215)"
RPG400IBMMQQueueCall,"rgb(154, 54, 215)"
RPG400IBMMQQueueReceive,"rgb(154, 54, 215)"
RPG400IBMMQUnknownQueueCall,"rgb(154, 54, 215)"
RPG400IBMMQUnknownQueueReceive,"rgb(154, 54, 215)"
RPG400DataQueueCall,"rgb(154, 54, 215)"
RPG400DataQueueReceive,"rgb(154, 54, 215)"
RPG400DataUnknownQueueCall,"rgb(154, 54, 215)"
RPG400DataUnknownQueueReceive,"rgb(154, 54, 215)"
RPG400GetResourceService,"rgb(154, 54, 215)"
RPG400PostResourceService,"rgb(154, 54, 215)"
RPG400PutResourceService,"rgb(154, 54, 215)"
RPG400DeleteResourceService,"rgb(154, 54, 215)"
RPG400PostOperation,"rgb(154, 54, 215)"
RPG300Program,"rgb(154, 54, 215)"
RPG300MainSubroutine,"rgb(154, 54, 215)"
RPG300Subroutine,"rgb(154, 54, 215)"
RPG300FilePrinter,"rgb(154, 54, 215)"
RPG300FileDisk,"rgb(154, 54, 215)"
RPG300FileWorkstn,"rgb(154, 54, 215)"
RPG300FileSpecial,"rgb(154, 54, 215)"
RPG300FileSeq,"rgb(154, 54, 215)"
RPG300SQLStructure,"rgb(154, 54, 215)"
RPG300UnknownProgram,"rgb(154, 54, 215)"
RPG300UnknownCopy,"rgb(154, 54, 215)"
RPG300CopyProgram,"rgb(154, 54, 215)"
RPG300UnknownDDSDiskFile,"rgb(190, 56, 243)"
RPG300UnknownDDSPrinterFile,"rgb(255, 134, 71)"
RPG300UnknownDDSDisplayFile,"rgb(255, 134, 71)"
RPG300IBMMQQueueCall,"rgb(154, 54, 215)"
RPG300IBMMQQueueReceive,"rgb(154, 54, 215)"
RPG300IBMMQUnknownQueueCall,"rgb(154, 54, 215)"
RPG300IBMMQUnknownQueueReceive,"rgb(154, 54, 215)"
RPG300DataQueueCall,"rgb(154, 54, 215)"
RPG300DataQueueReceive,"rgb(154, 54, 215)"
RPG300DataUnknownQueueCall,"rgb(154, 54, 215)"
RPG300DataUnknownQueueReceive,"rgb(154, 54, 215)"
DDS400PRTFFile,"rgb(255, 134, 71)"
DDS400DSPFFile,"rgb(255, 134, 71)"
DDS400Section,"rgb(255, 134, 71)"
DDS400PhysicalFile,"rgb(190, 56, 243)"
DDS400LogicalFile,"rgb(190, 56, 243)"
DDS400RecordstructureLF,"rgb(190, 56, 243)"
DDS400RecordstructurePF,"rgb(190, 56, 243)"
CL400Program,"rgb(217, 80, 0)"
CL400SQLStructure,"rgb(217, 80, 0)"
CL400Subroutine,"rgb(217, 80, 0)"
CL400UnknownProgram,"rgb(217, 80, 0)"
CL400DataQueueCall,"rgb(217, 80, 0)"
CL400DataQueueReceive,"rgb(217, 80, 0)"
CL400DataUnknownQueueCall,"rgb(217, 80, 0)"
CL400DataUnknownQueueReceive,"rgb(217, 80, 0)"
CL400IBMMQQueueCall,"rgb(75, 144, 226)"
CL400IBMMQQueueReceive,"rgb(75, 144, 226)"
CL400IBMMQUnknownQueueCall,"rgb(75, 144, 226)"
CL400IBMMQUnknownQueueReceive,"rgb(75, 144, 226)"
CL400UnknownDDSDiskFile,"rgb(190, 56, 243)"
MENUBar,"rgb(97, 36, 219)"
MENUItem,"rgb(97, 36, 219)"
EGLFunction,"rgb(97, 36, 219)"
EGLRecord,"rgb(97, 36, 219)"
EGLForm,"rgb(97, 36, 219)"
EGLFormGroup,"rgb(97, 36, 219)"
EGLDataTable,"rgb(97, 36, 219)"
EGLPackage,"rgb(97, 36, 219)"
EGLProgram,"rgb(97, 36, 219)"
EGLRecordColumn,"rgb(97, 36, 219)"
EGLProjectDeclaration,"rgb(97, 36, 219)"
EGLRecordDeclaration,"rgb(97, 36, 219)"
EGLReferencedProjects,"rgb(97, 36, 219)"
SHELLFunction,"rgb(137, 224, 5)"
SHELLProgram,"rgb(96, 96, 96)"
SHELLSpecialFunction,"rgb(137, 224, 5)"
SHELLJavaCall,"rgb(96, 96, 96)"
SHELLGeneralCall,"rgb(96, 96, 96)"
CAST_SHELL_AWS_DynamoDB_Table,"rgb(221, 149, 5)"
CAST_SHELL_AWS_S3_Bucket,"rgb(221, 149, 5)"
CAST_SHELL_AWS_SQS_Publisher,"rgb(221, 149, 5)"
CAST_SHELL_AWS_SQS_Receiver,"rgb(221, 149, 5)"
CAST_SHELL_CallTo_AWS_Lambda,"rgb(221, 149, 5)"
CAST_SHELL_AWS_SNS_Publisher,"rgb(221, 149, 5)"
CAST_SHELL_AWS_SNS_Subscriber,"rgb(221, 149, 5)"
CAST_SHELL_SMS,"rgb(221, 149, 5)"
CAST_SHELL_Email,"rgb(221, 149, 5)"
CAST_SHELL_GetServiceRequest,"rgb(221, 149, 5)"
CAST_SHELL_PostServiceRequest,"rgb(221, 149, 5)"
CAST_SHELL_PutServiceRequest,"rgb(221, 149, 5)"
CAST_SHELL_DeleteServiceRequest,"rgb(221, 149, 5)"
CAST_SHELL_AWS_DynamoDB_Database,"rgb(221, 149, 5)"
CAST_SHELL_AWS_Unknown_DynamoDB_Table,"rgb(221, 149, 5)"
CAST_SHELL_CallTo_AWS_Unknown_Lambda,"rgb(221, 149, 5)"
CAST_SHELL_AWS_Lambda,"rgb(221, 149, 5)"
CAST_SHELL_AWS_Unknown_S3_Bucket,"rgb(221, 149, 5)"
CAST_SHELL_AWS_SQS_Unknown_Publisher,"rgb(221, 149, 5)"
CAST_SHELL_AWS_SQS_Unknown_Receiver,"rgb(221, 149, 5)"
CAST_SHELL_AWS_SNS_Unknown_Publisher,"rgb(221, 149, 5)"
CAST_SHELL_AWS_SNS_Unknown_Subscriber,"rgb(221, 149, 5)"
phpSection,"rgb(79, 93, 9)"
phpInterface,"rgb(79, 93, 9)"
phpClass,"rgb(79, 93, 9)"
phpMethod,"rgb(79, 93, 9)"
phpConstructor,"rgb(79, 93, 9)"
phpMember,"rgb(79, 93, 9)"
phpFunction,"rgb(79, 93, 9)"
phpDefine,"rgb(79, 93, 9)"
phpArray,"rgb(79, 93, 9)"
phpConstants,"rgb(79, 93, 9)"
ScriptSection,"rgb(136, 43, 0)"
ScriptFunction,"rgb(136, 43, 0)"
phpSymfonyControllerClass,"rgb(79, 93, 9)"
phpSymfonyController,"rgb(79, 93, 9)"
phpSymfonyRoute,"rgb(79, 93, 9)"
phpSymfonyService,"rgb(79, 93, 9)"
Tibco_AESCHEMA,"rgb(140, 146, 19)"
Tibco_AECLASS,"rgb(140, 146, 19)"
Tibco_AECLASSFIELD,"rgb(140, 146, 19)"
Tibco_Process,"rgb(140, 146, 19)"
Tibco_Processgroup,"rgb(140, 146, 19)"
Tibco_ProcessActivity,"rgb(140, 146, 19)"
Tibco_ProcessStarter,"rgb(140, 146, 19)"
Tibco_ProcessActivityInput,"rgb(140, 146, 19)"
Tibco_ProcessActivityOutput,"rgb(140, 146, 19)"
Tibco_ProcessVariableGroup,"rgb(140, 146, 19)"
Tibco_ProcessVariable,"rgb(140, 146, 19)"
Tibco_ProcessTransition,"rgb(140, 146, 19)"
Tibco_ProcessEnd,"rgb(140, 146, 19)"
Tibco_JDBCSharedResource,"rgb(140, 146, 19)"
Tibco_JMSConnectionKey,"rgb(140, 146, 19)"
Tibco_ProcessActivityJavaProcessCall,"rgb(140, 146, 19)"
Tibco_ApplicationModule_Directory,"rgb(140, 146, 19)"
Tibco_SharedModule_Directory,"rgb(140, 146, 19)"
Tibco_ApplicationModule,"rgb(140, 146, 19)"
Tibco_SharedModule,"rgb(140, 146, 19)"
Tibco_Service,"rgb(140, 146, 19)"
Tibco_ServiceOperation,"rgb(140, 146, 19)"
WCFService,"rgb(0, 140, 180)"
ServiceContract,"rgb(0, 140, 180)"
XAML_Control,"rgb(0, 86, 214)"
XAML_Custom_Control,"rgb(0, 86, 214)"
SL_XAML_Control,"rgb(0, 86, 214)"
SL_XAML_Custom_Control,"rgb(0, 86, 214)"
SL_JS_Source_Code,"rgb(0, 86, 214)"
SL_JS_Function,"rgb(0, 86, 214)"
WCF_PostResourceService,"rgb(0, 140, 180)"
WCF_OperationContract,"rgb(0, 140, 180)"
WCF_DataContract,"rgb(0, 140, 180)"
WCF_Configuration,"rgb(0, 140, 180)"
WCF_ServiceEndpoint,"rgb(0, 140, 180)"
WCF_ClientEndpoint,"rgb(0, 140, 180)"
WCF_OperationMethodGet,"rgb(0, 140, 180)"
WCF_OperationMethodPost,"rgb(0, 140, 180)"
WCF_OperationMethodPut,"rgb(0, 140, 180)"
WCF_OperationMethodDelete,"rgb(0, 140, 180)"
CAST_DotNet_Entity,"rgb(148, 0, 255)"
CAST_DotNet_Entity_Operation,"rgb(148, 0, 255)"
CAST_DotNet_Entity_SQLQuery,"rgb(148, 0, 255)"
CAST_HTML5_SourceCode,"rgb(227, 76, 2)"
CAST_HTML5_JavaScript_Function,"rgb(241, 224, 5)"
CAST_AngularJS_Module,"rgb(227, 36, 0)"
CAST_AngularJS_Controller,"rgb(227, 36, 0)"
CAST_AngularJS_ModelFunction,"rgb(227, 36, 0)"
CAST_AngularJS_Factory,"rgb(227, 36, 0)"
CAST_AngularJS_Service,"rgb(227, 36, 0)"
CAST_AngularJS_Function,"rgb(227, 36, 0)"
CAST_AngularJS_Directive,"rgb(227, 36, 0)"
CAST_AngularJS_DirectiveController,"rgb(227, 36, 0)"
CAST_AngularJS_GetResourceService,"rgb(227, 36, 0)"
CAST_AngularJS_PutResourceService,"rgb(227, 36, 0)"
CAST_AngularJS_PostResourceService,"rgb(227, 36, 0)"
CAST_HTML5_JavaScript_SourceCode,"rgb(241, 224, 5)"
CAST_HTML5_JavaScript_SourceCode_Fragment,"rgb(241, 224, 5)"
CAST_JAXRS_Service,"rgb(181, 26, 0)"
CAST_JAXRS_Port,"rgb(181, 26, 0)"
CAST_JAXRS_GetOperation,"rgb(181, 26, 0)"
CAST_JAXRS_PostOperation,"rgb(181, 26, 0)"
CAST_JAXRS_PutOperation,"rgb(181, 26, 0)"
CAST_JAXRS_DeleteOperation,"rgb(181, 26, 0)"
CAST_SpringMVC_Service,"rgb(102, 156, 53)"
CAST_SpringMVC_Port,"rgb(102, 156, 53)"
CAST_SpringMVC_GetOperation,"rgb(102, 156, 53)"
CAST_SpringMVC_PostOperation,"rgb(102, 156, 53)"
CAST_SpringMVC_PutOperation,"rgb(102, 156, 53)"
CAST_SpringMVC_DeleteOperation,"rgb(102, 156, 53)"
CAST_NodeJS_Service,"rgb(150, 211, 95)"
CAST_NodeJS_Port,"rgb(150, 211, 95)"
CAST_NodeJS_GetOperation,"rgb(150, 211, 95)"
CAST_NodeJS_PostOperation,"rgb(150, 211, 95)"
CAST_NodeJS_PutOperation,"rgb(150, 211, 95)"
CAST_NodeJS_DeleteOperation,"rgb(150, 211, 95)"
CAST_JQuery_Selector,"rgb(0, 46, 122)"
CAST_NodeJS_Unknown_Database_Table,"rgb(221, 149, 5)"
CAST_J2EE_HTML5_JavaScript_SourceCode_Fragment,"rgb(241, 224, 5)"
CAST_JQuery_GetResourceService,"rgb(0, 46, 122)"
CAST_JQuery_PutResourceService,"rgb(0, 46, 122)"
CAST_JQuery_PostResourceService,"rgb(0, 46, 122)"
CAST_AngularJS_GetHttpService,"rgb(227, 36, 0)"
CAST_AngularJS_PutHttpService,"rgb(227, 36, 0)"
CAST_AngularJS_PostHttpService,"rgb(227, 36, 0)"
CAST_AngularJS_DeleteHttpService,"rgb(227, 36, 0)"
CAST_AngularJS_DeleteResourceService,"rgb(227, 36, 0)"
CAST_SpringMVC_AnyOperation,"rgb(102, 156, 53)"
CAST_JQuery_DeleteResourceService,"rgb(0, 46, 122)"
CAST_SAPUI5_JSView,"rgb(0, 86, 214)"
CAST_SAPUI5_XMLView,"rgb(0, 86, 214)"
CAST_SAPUI5_JSONView,"rgb(0, 86, 214)"
CAST_SAPUI5_HTMLView,"rgb(0, 86, 214)"
CAST_SAPUI5_Controller,"rgb(0, 86, 214)"
CAST_SAPUI5_Component,"rgb(0, 86, 214)"
CAST_SAPUI5_ModelFunction,"rgb(0, 86, 214)"
CAST_SAPUI5_Application,"rgb(0, 86, 214)"
CAST_SAPUI5_Object,"rgb(0, 86, 214)"
CAST_SAPUI5_ODataModel,"rgb(0, 86, 214)"
CAST_HTML5_WebSocketService,"rgb(241, 224, 5)"
CAST_HTML5_GetXMLHttpRequestService,"rgb(241, 224, 5)"
CAST_HTML5_UpdateXMLHttpRequestService,"rgb(241, 224, 5)"
CAST_HTML5_PostXMLHttpRequestService,"rgb(241, 224, 5)"
CAST_HTML5_DeleteXMLHttpRequestService,"rgb(241, 224, 5)"
CAST_HTML5_CSS_SourceCode,"rgb(255, 106, 0)"
CAST_NodeJS_UseOperation,"rgb(150, 211, 95)"
CAST_HTML5_CSS_SourceCode_Fragment,"rgb(255, 106, 0)"
CAST_NodeJS_GetHttpRequestService,"rgb(150, 211, 95)"
CAST_NodeJS_PostHttpRequestService,"rgb(150, 211, 95)"
CAST_NodeJS_DeleteHttpRequestService,"rgb(150, 211, 95)"
CAST_NodeJS_PutHttpRequestService,"rgb(150, 211, 95)"
CAST_AngularJS_Application,"rgb(227, 36, 0)"
CAST_HTML5_JEE_Struts_Action_Access,"rgb(0, 77, 101)"
CAST_HTML5_JEE_Servlet_Mapping_Access,"rgb(42, 98, 119)"
CAST_HTML5_JEE_Scoped_Bean_Access,"rgb(42, 98, 119)"
CAST_HTML5_JEE_Class_Import,"rgb(42, 98, 119)"
CAST_HTML5_JEE_Method_Call,"rgb(42, 98, 119)"
CAST_HTML5_JSP_Content,"rgb(42, 98, 119)"
CAST_HTML5_GetHttpRequestService,"rgb(241, 224, 5)"
CAST_HTML5_PostHttpRequestService,"rgb(241, 224, 5)"
CAST_Servlet_PostOperation,"rgb(176, 114, 1)"
CAST_HTML5_ASP_Content,"rgb(227, 76, 2)"
CAST_Servlet_PutOperation,"rgb(176, 114, 1)"
CAST_Servlet_GetOperation,"rgb(176, 114, 1)"
CAST_Servlet_DeleteOperation,"rgb(176, 114, 1)"
CAST_Servlet_AnyOperation,"rgb(176, 114, 1)"
CAST_HTML5_PutHttpRequestService,"rgb(241, 224, 5)"
CAST_HTML5_DeleteHttpRequestService,"rgb(241, 224, 5)"
CAST_HTML5_JavaScript_Class,"rgb(241, 224, 5)"
CAST_HTML5_JavaScript_Method,"rgb(241, 224, 5)"
CAST_HTML5_JavaScript_Constructor,"rgb(241, 224, 5)"
CAST_HTML5_ASPX_Content,"rgb(227, 76, 2)"
CAST_HTML5_HTC_Content,"rgb(227, 76, 2)"
CAST_HTML5_Razor_Controller_Method_Call,"rgb(148, 0, 255)"
CAST_HTML5_CSHTML_Content,"rgb(227, 76, 2)"
CAST_HTML5_Razor_Controller_Method_Post,"rgb(148, 0, 255)"
CAST_HTML5_Razor_Controller_Method_Get,"rgb(148, 0, 255)"
CAST_NodeJS_Application,"rgb(150, 211, 95)"
CAST_NodeJS_Marklogic_Database,"rgb(231, 27, 27)"
CAST_NodeJS_Marklogic_Collection,"rgb(231, 27, 27)"
CAST_NodeJS_CouchDB_Database,"rgb(219, 29, 29)"
CAST_NodeJS_MongoDB_Connection,"rgb(150, 211, 95)"
CAST_NodeJS_MongoDB_Collection,"rgb(11, 178, 11)"
CAST_AspDotNet_GetOperation,"rgb(148, 0, 255)"
CAST_AspDotNet_PostOperation,"rgb(148, 0, 255)"
CAST_HTML5_Razor_GetService,"rgb(148, 0, 255)"
CAST_HTML5_Razor_PostService,"rgb(148, 0, 255)"
CAST_AspDotNet_PutOperation,"rgb(148, 0, 255)"
CAST_AspDotNet_DeleteOperation,"rgb(148, 0, 255)"
CAST_AspDotNet_AnyOperation,"rgb(148, 0, 255)"
CAST_Thymeleaf_GetResourceService,"rgb(176, 114, 1)"
CAST_Thymeleaf_PutResourceService,"rgb(176, 114, 1)"
CAST_Thymeleaf_PostResourceService,"rgb(176, 114, 1)"
CAST_Thymeleaf_DeleteResourceService,"rgb(176, 114, 1)"
CAST_TS_SourceCode,"rgb(49, 120, 12)"
CAST_TS_Namespace,"rgb(49, 120, 12)"
CAST_TS_Class,"rgb(49, 120, 12)"
CAST_TS_Method,"rgb(49, 120, 12)"
CAST_TS_Interface,"rgb(49, 120, 12)"
CAST_TS_Function,"rgb(49, 120, 12)"
CAST_ReactJS_Application,"rgb(0, 199, 252)"
CAST_ReactJS_Component,"rgb(0, 199, 252)"
CAST_HTML5_HTML_Fragment,"rgb(227, 76, 2)"
CAST_HTML5_JSX_SourceCode,"rgb(241, 224, 5)"
CAST_TS_Angular_Component,"rgb(181, 26, 0)"
CAST_ActiveMQ_Java_QueueCall,"rgb(176, 114, 1)"
CAST_ActiveMQ_Java_QueueReceive,"rgb(176, 114, 1)"
CAST_TS_GetNgHttpService,"rgb(181, 26, 0)"
CAST_TS_PostNgHttpService,"rgb(181, 26, 0)"
CAST_TS_PutNgHttpService,"rgb(181, 26, 0)"
CAST_TS_DeleteNgHttpService,"rgb(181, 26, 0)"
CAST_DotNet_GetOperation,"rgb(148, 0, 255)"
CAST_DotNet_PostOperation,"rgb(148, 0, 255)"
CAST_DotNet_PutOperation,"rgb(148, 0, 255)"
CAST_DotNet_DeleteOperation,"rgb(148, 0, 255)"
CAST_DotNet_AnyOperation,"rgb(148, 0, 255)"
CAST_TS_Angular_Directive,"rgb(181, 26, 0)"
CAST_NodeJS_Express_Controller,"rgb(150, 211, 95)"
CAST_ReactJS_Redux_Form,"rgb(0, 199, 252)"
CAST_HTML5_JavaScript_Initialisation,"rgb(241, 224, 5)"
CAST_HTML5_GetEventSourceService,"rgb(241, 224, 5)"
CAST_Struts_PostOperation,"rgb(0, 77, 101)"
CAST_Struts_GetOperation,"rgb(0, 77, 101)"
CAST_Struts_Operation,"rgb(0, 77, 101)"
CAST_SAPUI5_JSONModel,"rgb(0, 86, 214)"
CAST_SAPUI5_XMLFragment,"rgb(0, 86, 214)"
CAST_TS_ClassInitializer,"rgb(49, 120, 12)"
CAST_NodeJS_External_Library,"rgb(150, 211, 95)"
CAST_HTML5_Jade_SourceCode,"rgb(200, 144, 5)"
CAST_SAP_MethodSQLScriptFunction,"rgb(227, 140, 0)"
CAST_SAP_MethodSQLScriptProcedure,"rgb(227, 140, 0)"
CAST_NodeJS_Collection,"rgb(150, 211, 95)"
CAST_NodeJS_LoopbackApplication,"rgb(150, 211, 95)"
CAST_HTML5_AppletClassReference,"rgb(241, 224, 5)"
CAST_J2EE_HTML5_Applet,"rgb(176, 114, 1)"
CAST_SAPUI5_ABAP_GetOperation,"rgb(0, 86, 214)"
CAST_SAPUI5_ABAP_PostOperation,"rgb(0, 86, 214)"
CAST_SAPUI5_ABAP_PutOperation,"rgb(0, 86, 214)"
CAST_SAPUI5_ABAP_DeleteOperation,"rgb(0, 86, 214)"
CAST_NodeJS_MQTT_Connection,"rgb(150, 211, 95)"
CAST_NodeJS_MQTT_Publisher,"rgb(150, 211, 95)"
CAST_NodeJS_MQTT_Subscriber,"rgb(150, 211, 95)"
CAST_NodeJS_Seneca_Add,"rgb(150, 211, 95)"
CAST_NodeJS_Seneca_Act,"rgb(150, 211, 95)"
CAST_HTML5_BeanMethodReference,"rgb(176, 114, 1)"
CAST_EAD4J_Operation,"rgb(176, 114, 1)"
CAST_HYBRIS_GetHttpRequestService,"rgb(0, 140, 180)"
CAST_HYBRIS_PostHttpRequestService,"rgb(176, 114, 1)"
CAST_HYBRIS_PutHttpRequestService,"rgb(176, 114, 1)"
CAST_HYBRIS_DeleteHttpRequestService,"rgb(0, 140, 180)"
CAST_NodeJS_DynamoDB_Table,"rgb(221, 149, 5)"
CAST_NodeJS_DynamoDB_Endpoint,"rgb(221, 149, 5)"
CAST_NodeJS_S3_Bucket,"rgb(221, 149, 5)"
CAST_NodeJS_S3_Region,"rgb(221, 149, 5)"
CAST_NodeJS_Memcached_Value,"rgb(12, 136, 65)"
CAST_NodeJS_Memcached_Connection,"rgb(12, 136, 65)"
CAST_NodeJS_AWS_Lambda_Function_GET,"rgb(221, 149, 5)"
CAST_NodeJS_AWS_Lambda_Function_PUT,"rgb(221, 149, 5)"
CAST_NodeJS_AWS_Lambda_Function_POST,"rgb(221, 149, 5)"
CAST_NodeJS_AWS_Lambda_Function_DELETE,"rgb(221, 149, 5)"
CAST_NodeJS_AWS_Lambda_Function_ANY,"rgb(221, 149, 5)"
CAST_NodeJS_CosmosDB_Database,"rgb(8, 144, 198)"
CAST_NodeJS_CosmosDB_Collection,"rgb(8, 144, 198)"
CAST_NodeJS_CosmosDB_Client,"rgb(8, 144, 198)"
CAST_NodeJS_CosmosDB_Unknown_Database,"rgb(8, 144, 198)"
CAST_NodeJS_CosmosDB_Unknown_Collection,"rgb(8, 144, 198)"
CAST_NodeJS_CosmosDB_Unknown_Client,"rgb(8, 144, 198)"
CAST_NodeJS_Java_Call,"rgb(150, 211, 95)"
CAST_NodeJS_General_Call,"rgb(150, 211, 95)"
CAST_NodeJS_AWS_Lambda,"rgb(221, 149, 5)"
CAST_NodeJS_Redis_Connection,"rgb(231, 27, 27)"
CAST_NodeJS_Redis_Collection,"rgb(231, 27, 27)"
CAST_NodeJS_Restify_GET,"rgb(150, 211, 95)"
CAST_NodeJS_Restify_PUT,"rgb(150, 211, 95)"
CAST_NodeJS_Restify_POST,"rgb(150, 211, 95)"
CAST_NodeJS_Restify_DELETE,"rgb(150, 211, 95)"
CAST_NodeJS_Restify_ANY,"rgb(150, 211, 95)"
CAST_NodeJS_Unknown_Redis_Connection,"rgb(231, 27, 27)"
CAST_NodeJS_Unknown_Redis_Collection,"rgb(231, 27, 27)"
CAST_AWSJava_AWS_Lambda,"rgb(0, 0, 0)"
CAST_AWSJava_GetOperation,"rgb(0, 0, 0)"
CAST_AWSJava_PostOperation,"rgb(0, 0, 0)"
CAST_AWSJava_DeleteOperation,"rgb(0, 0, 0)"
CAST_AWSJava_PutOperation,"rgb(0, 0, 0)"
CAST_AWSJava_AnyOperation,"rgb(0, 0, 0)"
CAST_Java_CallTo_AWS_Lambda,"rgb(0, 0, 0)"
CAST_VueJS_Get_Request_Service,"rgb(64, 184, 131)"
CAST_VueJS_Post_Request_Service,"rgb(64, 184, 131)"
CAST_VueJS_Put_Request_Service,"rgb(64, 184, 131)"
CAST_VueJS_Delete_Request_Service,"rgb(64, 184, 131)"
CAST_NodeJS_Unknown_S3_Bucket,"rgb(221, 149, 5)"
CAST_NodeJS_Unknown_S3_Region,"rgb(221, 149, 5)"
CAST_TS_Query,"rgb(49, 120, 12)"
CAST_NodeJS_SQL_NamedQuery,"rgb(150, 211, 95)"
CAST_NodeJS_Unknown_MongoDB_Connection,"rgb(11, 178, 11)"
CAST_NodeJS_Unknown_MongoDB_Collection,"rgb(11, 178, 11)"
CAST_NodeJS_Elasticsearch_Cluster,"rgb(229, 198, 16)"
CAST_NodeJS_Elasticsearch_Index,"rgb(229, 198, 16)"
CAST_NodeJS_Elasticsearch_Unknown_Index,"rgb(229, 198, 16)"
CAST_NodeJS_Folder,"rgb(150, 211, 95)"
CAST_NodeJS_Elasticsearch_Unknown_Cluster,"rgb(229, 198, 16)"
CAST_HTML5_Razor_DeleteService,"rgb(148, 0, 255)"
CAST_TS_GetHttpRequestService,"rgb(49, 120, 12)"
CAST_TS_PostHttpRequestService,"rgb(49, 120, 12)"
CAST_TS_PutHttpRequestService,"rgb(49, 120, 12)"
CAST_TS_DeleteHttpRequestService,"rgb(49, 120, 12)"
CAST_AngularJS_State,"rgb(227, 36, 0)"
CAST_Java_gRPC_Method,"rgb(176, 114, 1)"
CAST_Java_CallTo_gRPC,"rgb(176, 114, 1)"
CAST_NodeJS_AWS_SQS_Receiver,"rgb(221, 149, 5)"
CAST_NodeJS_AWS_SQS_Publisher,"rgb(221, 149, 5)"
CAST_NodeJS_AWS_SQS_Unknown_Receiver,"rgb(221, 149, 5)"
CAST_NodeJS_AWS_SQS_Unknown_Publisher,"rgb(221, 149, 5)"
CAST_TS_AWS_SQS_Receiver,"rgb(49, 120, 12)"
CAST_TS_AWS_SQS_Publisher,"rgb(49, 120, 12)"
CAST_TS_AWS_SQS_Unknown_Receiver,"rgb(49, 120, 12)"
CAST_TS_AWS_SQS_Unknown_Publisher,"rgb(49, 120, 12)"
CAST_NodeJS_AnyOperation,"rgb(150, 211, 95)"
CAST_AWSJava_SQSReceiver,"rgb(0, 0, 0)"
CAST_HTML5_Pug_SourceCode,"rgb(168, 100, 5)"
CAST_AWSDotNet_Lambda,"rgb(221, 149, 5)"
CAST_AWSDotNet_SQS_Receiver,"rgb(221, 149, 5)"
CAST_AWSDotNet_Lambda_Function_GET,"rgb(221, 149, 5)"
CAST_AWSDotNet_Lambda_Function_POST,"rgb(221, 149, 5)"
CAST_AWSDotNet_Lambda_Function_DELETE,"rgb(221, 149, 5)"
CAST_AWSDotNet_Lambda_Function_PUT,"rgb(221, 149, 5)"
CAST_AWSDotNet_Lambda_Function_ANY,"rgb(221, 149, 5)"
CAST_NodeJS_Email,"rgb(150, 211, 95)"
CAST_NodeJS_AWS_Lambda_Call,"rgb(221, 149, 5)"
CAST_AWSJava_S3_Bucket,"rgb(0, 0, 0)"
CAST_AWSJava_Unknown_S3_Bucket,"rgb(0, 0, 0)"
CAST_AWSJava_S3_Region,"rgb(0, 0, 0)"
CAST_AWSJava_Unknown_S3_Region,"rgb(0, 0, 0)"
CAST_NodeJS_AWS_SNS_Subscriber,"rgb(221, 149, 5)"
CAST_SAPUI5_CDSView_Operation,"rgb(0, 86, 214)"
CAST_NodeJS_AWS_SNS_Publisher,"rgb(221, 149, 5)"
CAST_NodeJS_AWS_SNS_Unknown_Subscriber,"rgb(221, 149, 5)"
CAST_NodeJS_AWS_SNS_Unknown_Publisher,"rgb(221, 149, 5)"
CAST_NodeJS_SMS,"rgb(150, 211, 95)"
CAST_NodeJS_AWS_Unknown_Lambda_Call,"rgb(221, 149, 5)"
CAST_AWSDotNet_SNS_Subscriber,"rgb(221, 149, 5)"
CAST_AWSDotNet_SNS_Publisher,"rgb(221, 149, 5)"
CAST_AWSDotNet_SNS_Unknown_Subscriber,"rgb(221, 149, 5)"
CAST_AWSDotNet_SNS_Unknown_Publisher,"rgb(221, 149, 5)"
CAST_AWSDotNet_Email,"rgb(221, 149, 5)"
CAST_AWSDotNet_SMS,"rgb(221, 149, 5)"
CAST_AWSJava_SNS_Subscriber,"rgb(0, 0, 0)"
CAST_AWSJava_SNS_Publisher,"rgb(0, 0, 0)"
CAST_AWSJava_SNS_Unknown_Subscriber,"rgb(0, 0, 0)"
CAST_AWSJava_SNS_Unknown_Publisher,"rgb(0, 0, 0)"
CAST_AWSDotNet_PostHttpRequestService,"rgb(221, 149, 5)"
CAST_AWSJava_Email,"rgb(0, 0, 0)"
CAST_AWSJava_SMS,"rgb(0, 0, 0)"
CAST_AWSJava_PostHttpRequestService,"rgb(0, 0, 0)"
CAST_AWSDotNet_SQS_Publisher,"rgb(221, 149, 5)"
CAST_AWSDotNet_SQS_Unknown_Publisher,"rgb(221, 149, 5)"
CAST_Java_CallTo_AWS_Unkown_Lambda,"rgb(0, 0, 0)"
CAST_AWSDotNet_AWS_Lambda_Call,"rgb(221, 149, 5)"
CAST_AWSDotNet_Unknown_AWS_Lambda_Call,"rgb(221, 149, 5)"
CAST_AWSDotNet_SQS_Unknown_Receiver,"rgb(221, 149, 5)"
CAST_AWSDotNet_S3_Bucket,"rgb(221, 149, 5)"
CAST_AWSDotNet_Unknown_S3_Bucket,"rgb(221, 149, 5)"
CAST_AWSDotNet_S3_Region,"rgb(221, 149, 5)"
CAST_AWSDotNet_Unknown_S3_Region,"rgb(221, 149, 5)"
CAST_NodeJS_Azure_Blob_Container,"rgb(0, 163, 215)"
CAST_NodeJS_Azure_Unknown_Blob_Container,"rgb(0, 163, 215)"
CAST_AzureJava_Blob_Container,"rgb(0, 140, 180)"
CAST_AzureJava_Unknown_Blob_Container,"rgb(0, 140, 180)"
CAST_AzureDotNet_Blob_Container,"rgb(0, 109, 143)"
CAST_AzureDotNet_Unknown_Blob_Container,"rgb(0, 109, 143)"
CAST_AzureJava_ServiceBus_Publisher,"rgb(0, 140, 180)"
CAST_NodeJS_Azure_ServiceBus_Publisher,"rgb(150, 211, 95)"
CAST_NodeJS_Azure_Unknown_ServiceBus_Publisher,"rgb(0, 163, 215)"
CAST_NodeJS_Azure_ServiceBus_Receiver,"rgb(0, 163, 215)"
CAST_NodeJS_Azure_Unknown_ServiceBus_Receiver,"rgb(0, 163, 215)"
CAST_AzureJava_Unknown_ServiceBus_Publisher,"rgb(0, 140, 180)"
CAST_AzureJava_ServiceBus_Receiver,"rgb(0, 140, 180)"
CAST_AzureJava_Unknown_ServiceBus_Receiver,"rgb(0, 140, 180)"
CAST_SAPUI5_Library,"rgb(0, 86, 214)"
CAST_AzureDotNet_ServiceBus_Publisher,"rgb(0, 109, 143)"
CAST_AzureDotNet_Unknown_ServiceBus_Publisher,"rgb(0, 109, 143)"
CAST_AzureDotNet_ServiceBus_Receiver,"rgb(0, 109, 143)"
CAST_AzureDotNet_Unknown_ServiceBus_Receiver,"rgb(0, 109, 143)"
CAST_HTML5_Knockout_View,"rgb(241, 224, 5)"
CAST_HTML5_Knockout_ModelFunction,"rgb(241, 224, 5)"
CAST_NodeJS_Azure_Function,"rgb(0, 163, 215)"
CAST_NodeJS_Call_to_Azure_Function,"rgb(0, 163, 215)"
CAST_NodeJS_Call_to_Unknown_Azure_Function,"rgb(0, 163, 215)"
CAST_AzureJava_Function,"rgb(0, 140, 180)"
CAST_AzureJava_Unknown_Function,"rgb(0, 140, 180)"
CAST_Java_CallTo_Azure_Function,"rgb(0, 140, 180)"
CAST_Java_CallTo_Azure_Unknown_Function,"rgb(0, 140, 180)"
CAST_AzureJava_GetOperation,"rgb(0, 140, 180)"
CAST_AzureJava_PostOperation,"rgb(0, 140, 180)"
CAST_AzureJava_PutOperation,"rgb(0, 140, 180)"
CAST_AzureJava_DeleteOperation,"rgb(0, 140, 180)"
CAST_AzureDotNet_Function,"rgb(0, 109, 143)"
CAST_AzureDotNet_Unknown_Function,"rgb(0, 109, 143)"
CAST_NodeJS_GCP_Bigtable_Table,"rgb(150, 211, 95)"
CAST_NodeJS_GCP_Unknown_Bigtable_Table,"rgb(150, 211, 95)"
CAST_DotNet_CallTo_Azure_Function,"rgb(0, 109, 143)"
CAST_DotNet_CallTo_Azure_Unknown_Function,"rgb(0, 109, 143)"
CAST_AzureJava_AnyOperation,"rgb(0, 140, 180)"
CAST_AzureDotNet_GetOperation,"rgb(0, 109, 143)"
CAST_AzureDotNet_PostOperation,"rgb(0, 109, 143)"
CAST_AzureDotNet_PutOperation,"rgb(0, 109, 143)"
CAST_AzureDotNet_DeleteOperation,"rgb(0, 109, 143)"
CAST_AzureDotNet_AnyOperation,"rgb(0, 109, 143)"
CAST_AzureDotNet_WebJobs,"rgb(0, 109, 143)"
CAST_DotNet_CallTo_Azure_WebJobs,"rgb(0, 109, 143)"
CAST_DotNet_CallTo_Azure_Unknown_WebJobs,"rgb(0, 109, 143)"
CAST_AzureJava_EventHub_Publisher,"rgb(0, 140, 180)"
CAST_AzureJava_Unknown_EventHub_Publisher,"rgb(0, 140, 180)"
CAST_AzureJava_EventHub_Receiver,"rgb(0, 140, 180)"
CAST_AzureJava_Unknown_EventHub_Receiver,"rgb(0, 140, 180)"
CAST_NodeJS_GCP_CloudStorage_Bucket,"rgb(150, 211, 95)"
CAST_NodeJS_GCP_Unknown_CloudStorage_Bucket,"rgb(150, 211, 95)"
CAST_AzureDotNet_EventHub_Publisher,"rgb(0, 109, 143)"
CAST_AzureDotNet_Unknown_EventHub_Publisher,"rgb(0, 109, 143)"
CAST_AzureDotNet_EventHub_Receiver,"rgb(0, 109, 143)"
CAST_AzureDotNet_Unknown_EventHub_Receiver,"rgb(0, 109, 143)"
CAST_AzureDotNet_SignalR_CallTo_Hub_Method,"rgb(0, 109, 143)"
CAST_AzureDotNet_SignalR_CallTo_Unknown_Hub_Method,"rgb(0, 109, 143)"
CAST_AzureDotNet_SignalR_Hub_Method,"rgb(0, 109, 143)"
CAST_AzureDotNet_Unknown_SignalR_Hub_Method,"rgb(0, 109, 143)"
CAST_NodeJS_GCP_PubSub_Publisher,"rgb(150, 211, 95)"
CAST_NodeJS_GCP_Unknown_PubSub_Publisher,"rgb(150, 211, 95)"
CAST_NodeJS_GCP_PubSub_Subscription,"rgb(150, 211, 95)"
CAST_NodeJS_GCP_Unknown_PubSub_Subscription,"rgb(150, 211, 95)"
CAST_NodeJS_GCP_PubSub_Receiver,"rgb(150, 211, 95)"
CAST_NodeJS_GCP_Unknown_PubSub_Receiver,"rgb(150, 211, 95)"
CAST_NodeJS_Azure_EventHub_Publisher,"rgb(0, 163, 215)"
CAST_NodeJS_Azure_Unknown_EventHub_Publisher,"rgb(0, 163, 215)"
CAST_NodeJS_Azure_EventHub_Receiver,"rgb(0, 163, 215)"
CAST_NodeJS_Azure_Unknown_EventHub_Receiver,"rgb(0, 163, 215)"
CAST_ReactJS_Function_Component,"rgb(0, 199, 252)"
CAST_AzureJava_SignalR_CallTo_Hub_Method,"rgb(0, 140, 180)"
CAST_AzureJava_SignalR_CallTo_Unknown_Hub_Method,"rgb(0, 140, 180)"
CAST_NodeJS_Azure_CallTo_Hub_Method,"rgb(0, 163, 215)"
CAST_NodeJS_Azure_CallTo_Unknown_Hub_Method,"rgb(0, 163, 215)"
CAST_NodeJS_SignalR_Hub_Method,"rgb(0, 163, 215)"
CAST_NodeJS_Azure_GetOperation,"rgb(0, 163, 215)"
CAST_NodeJS_Azure_PostOperation,"rgb(0, 163, 215)"
CAST_NodeJS_Azure_PutOperation,"rgb(0, 163, 215)"
CAST_NodeJS_Azure_DeleteOperation,"rgb(0, 163, 215)"
CAST_NodeJS_Azure_AnyOperation,"rgb(0, 163, 215)"
CAST_HTML5_External_Libraries,"rgb(227, 76, 2)"
CAST_NodeJS_gRPC_Method,"rgb(150, 211, 95)"
CAST_NodeJS_CallTo_gRPC,"rgb(150, 211, 95)"
CAST_HTML5_DWR_CallTo_Method,"rgb(182, 13, 13)"
CAST_Python_SourceCode,"rgb(53, 114, 10)"
CAST_Python_Class,"rgb(53, 114, 10)"
CAST_Python_Method,"rgb(53, 114, 10)"
CAST_Python_Script,"rgb(53, 114, 10)"
CAST_Python_GetRequestsService,"rgb(53, 114, 10)"
CAST_Python_PostRequestsService,"rgb(53, 114, 10)"
CAST_Python_PutRequestsService,"rgb(53, 114, 10)"
CAST_Python_DeleteRequestsService,"rgb(53, 114, 10)"
CAST_Python_GetHttplibService,"rgb(53, 114, 10)"
CAST_Python_PostHttplibService,"rgb(53, 114, 10)"
CAST_Python_PutHttplibService,"rgb(53, 114, 10)"
CAST_Python_DeleteHttplibService,"rgb(53, 114, 10)"
CAST_Python_GetHttplib2Service,"rgb(53, 114, 10)"
CAST_Python_PostHttplib2Service,"rgb(53, 114, 10)"
CAST_Python_PutHttplib2Service,"rgb(53, 114, 10)"
CAST_Python_DeleteHttplib2Service,"rgb(53, 114, 10)"
CAST_Python_GetAiohttpService,"rgb(53, 114, 10)"
CAST_Python_PostAiohttpService,"rgb(53, 114, 10)"
CAST_Python_PutAiohttpService,"rgb(53, 114, 10)"
CAST_Python_DeleteAiohttpService,"rgb(53, 114, 10)"
CAST_Python_GetUrllibService,"rgb(53, 114, 10)"
CAST_Python_PostUrllibService,"rgb(53, 114, 10)"
CAST_Python_GetUrllib2Service,"rgb(53, 114, 10)"
CAST_Python_PostUrllib2Service,"rgb(53, 114, 10)"
CAST_Python_Flask_GetOperation,"rgb(53, 114, 10)"
CAST_Python_Flask_PostOperation,"rgb(53, 114, 10)"
CAST_Python_Flask_PutOperation,"rgb(53, 114, 10)"
CAST_Python_Flask_DeleteOperation,"rgb(53, 114, 10)"
CAST_Python_External_Library,"rgb(53, 114, 10)"
CAST_Python_PutUrllibService,"rgb(53, 114, 10)"
CAST_Python_DeleteUrllibService,"rgb(53, 114, 10)"
CAST_Python_Aiohttp_GetOperation,"rgb(53, 114, 10)"
CAST_Python_Aiohttp_PostOperation,"rgb(53, 114, 10)"
CAST_Python_Aiohttp_PutOperation,"rgb(53, 114, 10)"
CAST_Python_Aiohttp_DeleteOperation,"rgb(53, 114, 10)"
CAST_RabbitMQ_Python_QueueCall,"rgb(53, 114, 10)"
CAST_RabbitMQ_Python_QueueReceive,"rgb(53, 114, 10)"
CAST_ActiveMQ_Python_QueueCall,"rgb(53, 114, 10)"
CAST_ActiveMQ_Python_QueueReceive,"rgb(53, 114, 10)"
CAST_Python_JavaCall,"rgb(53, 114, 10)"
CAST_Python_GeneralCall,"rgb(53, 114, 10)"
CAST_Python_Query,"rgb(53, 114, 10)"
CAST_Python_ORM_Mapping,"rgb(53, 114, 10)"
CAST_Python_File_Query,"rgb(53, 114, 10)"
CAST_Python_AWS_Lambda,"rgb(53, 114, 10)"
CAST_Python_AWS_Lambda_Function_GET,"rgb(53, 114, 10)"
CAST_Python_AWS_Lambda_Function_PUT,"rgb(53, 114, 10)"
CAST_Python_AWS_Lambda_Function_POST,"rgb(53, 114, 10)"
CAST_Python_AWS_Lambda_Function_DELETE,"rgb(53, 114, 10)"
CAST_Python_AWS_Lambda_Function_ANY,"rgb(53, 114, 10)"
CAST_Python_AWS_SQS_Receiver,"rgb(53, 114, 10)"
CAST_Python_CallTo_AWS_Lambda,"rgb(53, 114, 10)"
CAST_Python_AWS_SQS_Publisher,"rgb(53, 114, 10)"
CAST_Python_AWS_SQS_Unknown_Receiver,"rgb(53, 114, 10)"
CAST_Python_AWS_SQS_Unknown_Publisher,"rgb(53, 114, 10)"
CAST_Python_AWS_S3_Bucket,"rgb(53, 114, 10)"
CAST_Python_AWS_Unknown_S3_Bucket,"rgb(53, 114, 10)"
CAST_Python_AWS_S3_Region,"rgb(53, 114, 10)"
CAST_Python_AWS_Unknown_S3_Region,"rgb(53, 114, 10)"
CAST_Python_AWS_DynamoDB_Table,"rgb(221, 149, 5)"
CAST_Python_AWS_Unknown_DynamoDB_Table,"rgb(221, 149, 5)"
CAST_Python_AWS_DynamoDB_Database,"rgb(221, 149, 5)"
CAST_Python_GetWeb2pyService,"rgb(53, 114, 10)"
CAST_Python_AWS_SNS_Publisher,"rgb(53, 114, 10)"
CAST_Python_AWS_SNS_Subscriber,"rgb(53, 114, 10)"
CAST_Python_Email,"rgb(53, 114, 10)"
CAST_Python_SMS,"rgb(53, 114, 10)"
CAST_Python_GetServiceRequest,"rgb(53, 114, 10)"
CAST_Python_PostServiceRequest,"rgb(53, 114, 10)"
CAST_Python_PutServiceRequest,"rgb(53, 114, 10)"
CAST_Python_DeleteServiceRequest,"rgb(53, 114, 10)"
CAST_Python_AWS_SNS_Unknown_Publisher,"rgb(53, 114, 10)"
CAST_Python_AWS_SNS_Unknown_Subscriber,"rgb(53, 114, 10)"
CAST_Python_CallTo_AWS_Unknown_Lambda,"rgb(53, 114, 10)"
CAST_Python_WebService_GetOperation,"rgb(53, 114, 10)"
CAST_Python_WebService_PostOperation,"rgb(53, 114, 10)"
CAST_Python_WebService_PutOperation,"rgb(53, 114, 10)"
CAST_Python_WebService_DeleteOperation,"rgb(53, 114, 10)"
CAST_Python_WebService_AnyOperation,"rgb(53, 114, 10)"
CAST_Python_StaticInitializer,"rgb(53, 114, 10)"
SOAP_JV_SERVICE,"rgb(176, 114, 1)"
SOAP_JV_PORTTYPE,"rgb(176, 114, 1)"
SOAP_JV_OPERATION,"rgb(176, 114, 1)"
SOAP_JV_CLIENT_OPERATION,"rgb(176, 114, 1)"
SOAP_JV_CLIENT_SERVICE,"rgb(176, 114, 1)"
SOAP_JV_CLIENT_ENDPOINT,"rgb(176, 114, 1)"
CAST_Wicket_Event,"rgb(181, 26, 0)"
CAST_JEE_DWR_Method,"rgb(182, 13, 13)"
CAST_Vaadin_View,"rgb(176, 114, 1)"
CAST_Vaadin_Event_Handler,"rgb(176, 114, 1)"
CAST_Android_EventHandler,"rgb(150, 219, 12)"
CAST_Android_GetResourceService,"rgb(150, 219, 12)"
CAST_Android_PostResourceService,"rgb(150, 219, 12)"
CAST_Android_PutResourceService,"rgb(150, 219, 12)"
CAST_Android_DeleteResourceService,"rgb(150, 219, 12)"
CAST_Android_SharedPreferences,"rgb(150, 219, 12)"
CAST_Android_InternalStorage,"rgb(150, 219, 12)"
CAST_Android_ExternalStorage,"rgb(150, 219, 12)"
CAST_Android_Application,"rgb(150, 219, 12)"
CAST_Android_Exposed_Service,"rgb(150, 219, 12)"
CAST_Android_Exposed_Activity,"rgb(150, 219, 12)"
CAST_Android_Exposed_Receiver,"rgb(150, 219, 12)"
CAST_Android_Intent_Resource,"rgb(150, 219, 12)"
CAST_Android_Button,"rgb(150, 219, 12)"
CAST_Android_TextView,"rgb(150, 219, 12)"
CAST_Android_EditText,"rgb(150, 219, 12)"
CAST_Android_CheckBox,"rgb(150, 219, 12)"
CAST_Android_Spinner,"rgb(150, 219, 12)"
CAST_Android_TimePicker,"rgb(150, 219, 12)"
CAST_Android_ListView,"rgb(150, 219, 12)"
CAST_Android_LinearLayout,"rgb(150, 219, 12)"
CAST_Android_Menu,"rgb(150, 219, 12)"
CAST_Android_Item,"rgb(150, 219, 12)"
CAST_Android_Group,"rgb(150, 219, 12)"
CAST_Android_RelativeLayout,"rgb(150, 219, 12)"
CAST_Android_WebView,"rgb(150, 219, 12)"
CAST_Android_GridView,"rgb(150, 219, 12)"
CAST_Android_Switch,"rgb(150, 219, 12)"
CAST_Android_UndefinedWidget,"rgb(150, 219, 12)"
CAST_Android_UI_XML_File,"rgb(150, 219, 12)"
CAST_Android_Layout,"rgb(150, 219, 12)"
CAST_Android_Kotlin_Room_Entity,"rgb(150, 219, 12)"
CAST_Java_Cassandra_CQLQuery,"rgb(227, 36, 0)"
CAST_Java_Cassandra_Schema,"rgb(227, 36, 0)"
CAST_Java_Cassandra_Table,"rgb(227, 36, 0)"
CAST_Java_Cassandra_Operation,"rgb(227, 36, 0)"
CAST_Java_Cassandra_TableColumn,"rgb(227, 36, 0)"
CAST_Java_Cassandra_PrimaryKey,"rgb(227, 36, 0)"
CAST_Java_Cassandra_Index,"rgb(227, 36, 0)"
CAST_SpringData_Query,"rgb(102, 156, 53)"
CAST_Kotlin_SourceCode,"rgb(169, 123, 15)"
CAST_Kotlin_Class,"rgb(169, 123, 15)"
CAST_Kotlin_Interface,"rgb(169, 123, 15)"
CAST_Kotlin_Method,"rgb(169, 123, 15)"
CAST_Kotlin_Main,"rgb(169, 123, 15)"
CAST_Kotlin_Function,"rgb(169, 123, 15)"
CAST_Kotlin_Object,"rgb(169, 123, 15)"
CAST_Kotlin_JVM_Class,"rgb(169, 123, 15)"
CAST_Kotlin_JVM_Method,"rgb(169, 123, 15)"
CAST_Android_Kotlin_Fragment,"rgb(150, 219, 12)"
CAST_Android_Kotlin_UI_XML_File,"rgb(150, 219, 12)"
CAST_Kotlin_Lambda,"rgb(169, 123, 15)"
CAST_Kotlin_Anonymous_Class,"rgb(169, 123, 15)"
CAST_Kotlin_Generic_Class,"rgb(169, 123, 15)"
CAST_Kotlin_Instantiated_Class,"rgb(169, 123, 15)"
CAST_Kotlin_Generic_Interface,"rgb(169, 123, 15)"
CAST_Kotlin_JVM_Generic_Class,"rgb(169, 123, 15)"
CAST_Android_Kotlin_Application,"rgb(150, 219, 12)"
CAST_Android_Kotlin_Exposed_Service,"rgb(150, 219, 12)"
CAST_Android_Kotlin_Exposed_Activity,"rgb(150, 219, 12)"
CAST_Android_Kotlin_Exposed_Receiver,"rgb(150, 219, 12)"
CAST_Android_Kotlin_Intent_Resource,"rgb(150, 219, 12)"
CAST_Android_Kotlin_SharedPreferences,"rgb(150, 219, 12)"
CAST_Android_Kotlin_InternalStorage,"rgb(150, 219, 12)"
CAST_Android_Kotlin_ExternalStorage,"rgb(150, 219, 12)"
CAST_Kotlin_GetHttpRequestService,"rgb(150, 219, 12)"
CAST_Kotlin_PostHttpRequestService,"rgb(150, 219, 12)"
CAST_Kotlin_PutHttpRequestService,"rgb(150, 219, 12)"
CAST_Kotlin_DeleteHttpRequestService,"rgb(150, 219, 12)"
CAST_Kotlin_WebService_GetOperation,"rgb(169, 123, 15)"
CAST_Kotlin_WebService_PostOperation,"rgb(169, 123, 15)"
CAST_Kotlin_WebService_PutOperation,"rgb(169, 123, 15)"
CAST_Kotlin_WebService_DeleteOperation,"rgb(169, 123, 15)"
CAST_Kotlin_Getter,"rgb(169, 123, 15)"
CAST_Kotlin_Setter,"rgb(169, 123, 15)"
CAST_Kotlin_Property,"rgb(169, 123, 15)"
CAST_SpringWebFlux_GetOperation,"rgb(102, 156, 53)"
CAST_SpringWebFlux_PostOperation,"rgb(102, 156, 53)"
CAST_SpringWebFlux_PutOperation,"rgb(102, 156, 53)"
CAST_SpringWebFlux_DeleteOperation,"rgb(102, 156, 53)"
CAST_CloudConfig_AWS_Lambda_Function,"rgb(221, 149, 5)"
CAST_CloudConfig_AWS_API_Gateway_GET,"rgb(221, 149, 5)"
CAST_CloudConfig_AWS_API_Gateway_PUT,"rgb(221, 149, 5)"
CAST_CloudConfig_AWS_API_Gateway_POST,"rgb(221, 149, 5)"
CAST_CloudConfig_AWS_API_Gateway_DELETE,"rgb(221, 149, 5)"
CAST_CloudConfig_AWS_API_Gateway_ANY,"rgb(221, 149, 5)"
CAST_CloudConfig_AWS_SQS_Receiver,"rgb(221, 149, 5)"
CAST_CloudConfig_AWS_SNS_Subscriber,"rgb(221, 149, 5)"
CAST_CloudConfig_Email,"rgb(221, 149, 5)"
CAST_CloudConfig_SMS,"rgb(221, 149, 5)"
CAST_CloudConfig_PostHttpRequestService,"rgb(221, 149, 5)"
CAST_CloudConfig_AWS_SQS_Publisher,"rgb(221, 149, 5)"
CAST_CloudConfig_AWS_Lambda_Call,"rgb(221, 149, 5)"
CAST_GWT_Module,"rgb(227, 36, 0)"
CAST_GWT_View,"rgb(227, 36, 0)"
CAST_GWT_EventHandler,"rgb(227, 36, 0)"
CAST_GWT_RemoteResourceService,"rgb(227, 36, 0)"
CAST_GWT_RemoteOperation,"rgb(227, 36, 0)"
CAST_GWT_PostResourceService,"rgb(227, 36, 0)"
CAST_GWT_GetResourceService,"rgb(227, 36, 0)"
CAST_GWT_PutResourceService,"rgb(227, 36, 0)"
CAST_GWT_DeleteResourceService,"rgb(227, 36, 0)"
CAST_GWT_Activity,"rgb(227, 36, 0)"
CAST_Java_Web_XML,"rgb(176, 114, 1)"
CAST_SpringWebFlow_State,"rgb(102, 156, 53)"
CAST_Struts_FormValidator,"rgb(0, 77, 101)"
CAST_Struts_ParamInterceptor,"rgb(0, 77, 101)"
CAST_DotNet_PatchOperation,"rgb(148, 0, 255)"
CAST_DotNet_Controller_Action,"rgb(148, 0, 255)"
CAST_Swing_EventHandler,"rgb(181, 26, 0)"
CAST_Swing_UI,"rgb(181, 26, 0)"
CAST_SWT_UI,"rgb(181, 26, 0)"
CAST_SWT_EventHandler,"rgb(181, 26, 0)"
CAST_JFace_EventHandler,"rgb(181, 26, 0)"
CAST_JFace_UI,"rgb(181, 26, 0)"
CAST_AWT_UI,"rgb(154, 36, 79)"
CAST_ObjectiveC_Interface,"rgb(67, 142, 15)"
CAST_ObjectiveC_Protocol,"rgb(67, 142, 15)"
CAST_ObjectiveC_Category,"rgb(67, 142, 15)"
CAST_ObjectiveC_Property,"rgb(67, 142, 15)"
CAST_ObjectiveC_InterfaceVariable,"rgb(67, 142, 15)"
CAST_ObjectiveC_Method,"rgb(67, 142, 15)"
CAST_ObjectiveC_PropertyGetter,"rgb(67, 142, 15)"
CAST_ObjectiveC_PropertySetter,"rgb(67, 142, 15)"
CAST_ObjectiveC_Outlet,"rgb(67, 142, 15)"
CAST_ObjectiveC_Action,"rgb(67, 142, 15)"
CAST_ObjectiveC_XibFile,"rgb(103, 103, 103)"
CAST_ObjectiveC_StoryBoardFile,"rgb(103, 103, 103)"
CAST_ObjectiveC_UIControl,"rgb(103, 103, 103)"
CAST_ObjectiveC_GetResourceService,"rgb(103, 103, 103)"
CAST_ObjectiveC_SourceFile,"rgb(67, 142, 15)"
CAST_ObjectiveC_UIButton,"rgb(103, 103, 103)"
CAST_ObjectiveC_UITextField,"rgb(103, 103, 103)"
CAST_ObjectiveC_PostResourceService,"rgb(103, 103, 103)"
CAST_ObjectiveC_DeleteResourceService,"rgb(103, 103, 103)"
CAST_ObjectiveC_PutResourceService,"rgb(103, 103, 103)"
CAST_ObjectiveC_ClassMethod,"rgb(67, 142, 15)"
CAST_ObjectiveC_PlistFile,"rgb(103, 103, 103)"
CAST_ObjectiveC_UIApplicationDelegate,"rgb(103, 103, 103)"
CAST_ObjectiveC_Block,"rgb(67, 142, 15)"
CAST_IOS_ApplicationObject,"rgb(103, 103, 103)"
CAST_Cpp_Namespace,"rgb(243, 75, 7)"
CAST_Cpp_ClassFolder,"rgb(243, 75, 7)"
CAST_Cpp_RootDirectory,"rgb(243, 75, 7)"
CAST_Cpp_Directory,"rgb(243, 75, 7)"
CAST_Cpp_SourceFile,"rgb(243, 75, 7)"
CAST_Cpp_AdditionalFile,"rgb(243, 75, 7)"
CAST_Cpp_Class,"rgb(243, 75, 7)"
CAST_Cpp_MemberFunction,"rgb(243, 75, 7)"
CAST_Cpp_FreeFunction,"rgb(243, 75, 7)"
CAST_Cpp_Macro,"rgb(243, 75, 7)"
CAST_Cpp_GlobalVariable,"rgb(243, 75, 7)"
CAST_Cpp_MemberVariable,"rgb(243, 75, 7)"
CAST_Cpp_Destructor,"rgb(243, 75, 7)"
CAST_Cpp_Constructor,"rgb(243, 75, 7)"
CAST_Cpp_Union,"rgb(243, 75, 7)"
CAST_Cpp_Enum,"rgb(243, 75, 7)"
CAST_Cpp_EnumItem,"rgb(243, 75, 7)"
CAST_Cpp_Typedef,"rgb(243, 75, 7)"
CAST_Cpp_TemplateParameter,"rgb(243, 75, 7)"
CAST_Cpp_TemplateClass,"rgb(243, 75, 7)"
CAST_Cpp_TemplateUnion,"rgb(243, 75, 7)"
CAST_Cpp_TemplateFreeFunction,"rgb(243, 75, 7)"
CAST_Cpp_TemplateMemberFunction,"rgb(243, 75, 7)"
CAST_Cpp_TemplateConstructor,"rgb(243, 75, 7)"
CAST_Cpp_TemplateClassInstance,"rgb(243, 75, 7)"
CAST_Cpp_TemplateUnionInstance,"rgb(243, 75, 7)"
CAST_Cpp_TemplateFreeFunctionInstance,"rgb(243, 75, 7)"
CAST_Cpp_TemplateMemberFunctionInstance,"rgb(243, 75, 7)"
CAST_Cpp_TemplateConstructorInstance,"rgb(243, 75, 7)"
CAST_Cpp_HeaderFile,"rgb(243, 75, 7)"
CAST_Swift_SourceCode,"rgb(240, 81, 3)"
CAST_Swift_Class,"rgb(240, 81, 3)"
CAST_Swift_Function,"rgb(240, 81, 3)"
CAST_Swift_Protocol,"rgb(240, 81, 3)"
CAST_Swift_XibFile,"rgb(103, 103, 103)"
CAST_Swift_StoryBoardFile,"rgb(103, 103, 103)"
CAST_Swift_Enumeration,"rgb(240, 81, 3)"
CAST_Swift_Structure,"rgb(240, 81, 3)"
CAST_Swift_GetHttpService,"rgb(103, 103, 103)"
CAST_Swift_PostHttpService,"rgb(103, 103, 103)"
CAST_Swift_PutHttpService,"rgb(103, 103, 103)"
CAST_Swift_DeleteHttpService,"rgb(103, 103, 103)"
CAST_Swift_Method,"rgb(240, 81, 3)"
CAST_Swift_DefaultInit,"rgb(240, 81, 3)"
CAST_BPEL_Process,"rgb(156, 45, 45)"
CAST_BPEL_Invoke,"rgb(156, 45, 45)"
CAST_BPEL_Receive,"rgb(156, 45, 45)"
SQLScriptTable,"rgb(227, 140, 0)"
SQLScriptTableColumn,"rgb(227, 140, 0)"
SQLScriptIndex,"rgb(125, 125, 125)"
SQLScriptProcedure,"rgb(227, 140, 0)"
SQLScriptDML,"rgb(125, 125, 125)"
SQLScriptSchema,"rgb(227, 140, 0)"
SQLScriptFunction,"rgb(227, 140, 0)"
SQLScriptView,"rgb(125, 125, 125)"
SQLScriptTrigger,"rgb(227, 140, 0)"
SQLScriptPackage,"rgb(125, 125, 125)"
SQLScriptForeignKey,"rgb(125, 125, 125)"
SQLScriptUniqueConstraint,"rgb(125, 125, 125)"
SQLScriptEvent,"rgb(125, 125, 125)"
SQLScriptSynonym,"rgb(125, 125, 125)"
SQLScriptTableSynonym,"rgb(125, 125, 125)"
SQLScriptViewSynonym,"rgb(125, 125, 125)"
SQLScriptFunctionSynonym,"rgb(125, 125, 125)"
SQLScriptProcedureSynonym,"rgb(125, 125, 125)"
SQLScriptPackageSynonym,"rgb(125, 125, 125)"
SQLScriptType,"rgb(227, 140, 0)"
SQLScriptTypeSynonym,"rgb(125, 125, 125)"
SQLScriptMethod,"rgb(227, 140, 0)"
SQLScriptDatabase,"rgb(125, 125, 125)"
SQLScriptMacro,"rgb(227, 140, 0)"
FormsScriptFunction,"rgb(223, 18, 18)"
FormsScriptProcedure,"rgb(223, 18, 18)"
FormsScriptPackage,"rgb(223, 18, 18)"
FormsScriptModule,"rgb(223, 18, 18)"
FormsScriptTrigger,"rgb(223, 18, 18)"
FormsScriptDataBlock,"rgb(223, 18, 18)"
FormsScriptDataBlockItem,"rgb(223, 18, 18)"
SQLScriptDatabaseLink,"rgb(227, 140, 0)"
SQLScriptUnresolvedSchema,"rgb(227, 140, 0)"
SQLScriptUnresolvedTable,"rgb(227, 140, 0)"
SQLScriptUnresolvedFunction,"rgb(227, 140, 0)"
CAST_Python_MissingTable_Schema,"rgb(227, 140, 0)"
CAST_Python_MissingTable_Table,"rgb(227, 140, 0)"
CAST_Python_MissingTable_TableColumn,"rgb(227, 140, 0)"
CAST_Python_MissingTable_Procedure,"rgb(227, 140, 0)"
SQLScript_Missing_Schema,"rgb(227, 140, 0)"
SQLScript_Missing_Table,"rgb(227, 140, 0)"
SQLScript_Missing_Procedure,"rgb(227, 140, 0)"
CAST_Java_MissingTable_Schema,"rgb(176, 114, 1)"
CAST_Java_MissingTable_Table,"rgb(176, 114, 1)"
CAST_Java_MissingTable_Procedure,"rgb(176, 114, 1)"
CAST_DotNet_MissingTable_Schema,"rgb(148, 0, 255)"
CAST_DotNet_MissingTable_Table,"rgb(148, 0, 255)"
CAST_DotNet_MissingTable_Procedure,"rgb(148, 0, 255)"
CAST_CPP_MissingTable_Schema,"rgb(243, 75, 7)"
CAST_CPP_MissingTable_Table,"rgb(243, 75, 7)"
CAST_CPP_MissingTable_Procedure,"rgb(243, 75, 7)"
CAST_JCL_MissingTable_Schema,"rgb(62, 74, 148)"
CAST_JCL_MissingTable_Table,"rgb(62, 74, 148)"
CAST_JCL_MissingTable_Procedure,"rgb(62, 74, 148)"
CAST_Cobol_MissingTable_Schema,"rgb(97, 36, 219)"
CAST_Cobol_MissingTable_Table,"rgb(97, 36, 219)"
CAST_Cobol_MissingTable_Procedure,"rgb(97, 36, 219)"
CAST_NodeJS_MissingTable_Schema,"rgb(150, 211, 95)"
CAST_NodeJS_MissingTable_Table,"rgb(150, 211, 95)"
CAST_NodeJS_MissingTable_Procedure,"rgb(150, 211, 95)"
CAST_CL400_MissingTable_Schema,"rgb(154, 54, 215)"
CAST_CL400_MissingTable_Table,"rgb(154, 54, 215)"
CAST_CL400_MissingTable_Procedure,"rgb(154, 54, 215)"
CAST_RPG300_RPG400_MissingTable_Schema,"rgb(154, 54, 215)"
CAST_RPG300_RPG400_MissingTable_Procedure,"rgb(154, 54, 215)"
CAST_Birt_MissingTable_Schema,"rgb(172, 58, 229)"
CAST_Birt_MissingTable_Table,"rgb(172, 58, 229)"
CAST_Birt_MissingTable_Procedure,"rgb(172, 58, 229)"
CAST_DotNet_Elasticsearch_Cluster,"rgb(229, 198, 16)"
CAST_DotNet_Elasticsearch_Index,"rgb(229, 198, 16)"
CAST_DotNet_Unknown_Elasticsearch_Index,"rgb(229, 198, 16)"
CAST_DotNet_Redis_Connection,"rgb(231, 27, 27)"
CAST_DotNet_Redis_Collection,"rgb(231, 27, 27)"
CAST_DotNet_Unknown_Redis_Collection,"rgb(231, 27, 27)"
CAST_DotNet_Unknown_Redis_Connection,"rgb(231, 27, 27)"
CAST_DotNet_Couchbase_Collection,"rgb(219, 29, 29)"
CAST_DotNet_Unknown_Couchbase_Collection,"rgb(219, 29, 29)"
CAST_DotNet_Lucene_Index,"rgb(148, 0, 255)"
CAST_DotNet_Unknown_Lucene_Index,"rgb(148, 0, 255)"
CAST_Java_Apachelucene_Index,"rgb(176, 114, 1)"
CAST_Java_Unknown_Apachelucene_Index,"rgb(176, 114, 1)"
CAST_Java_Couchbase_Collection,"rgb(219, 29, 29)"
CAST_Java_Unknown_Couchbase_Collection,"rgb(219, 29, 29)"
CAST_Java_Couchbase_NewCollection,"rgb(219, 29, 29)"
CAST_Java_Unknown_Couchbase_NewCollection,"rgb(219, 29, 29)"
CAST_Java_Unknown_MongoDB_Connection,"rgb(11, 178, 11)"
CAST_Java_Unknown_Elasticsearch_Index,"rgb(229, 198, 16)"
CAST_Java_MongoDB_Connection,"rgb(11, 178, 11)"
CAST_Java_MongoDB_Collection,"rgb(11, 178, 11)"
CAST_Java_MongoDB_Database,"rgb(11, 178, 11)"
CAST_Java_MarkLogic_Database,"rgb(231, 27, 27)"
CAST_Java_MarkLogic_Collection,"rgb(231, 27, 27)"
CAST_Java_Unknown_MongoDB_Collection,"rgb(11, 178, 11)"
CAST_Java_Unknown_MarkLogic_Collection,"rgb(231, 27, 27)"
CAST_Java_Unknown_MongoDB_Database,"rgb(11, 178, 11)"
CAST_Java_Unknown_MarkLogic_Database,"rgb(231, 27, 27)"
CAST_Java_Unknown_Elasticsearch_Cluster,"rgb(229, 198, 16)"
CAST_Java_Elasticsearch_Cluster,"rgb(229, 198, 16)"
CAST_Java_Elasticsearch_Index,"rgb(229, 198, 16)"
CAST_Java_Unknown_Memcached_Connection,"rgb(12, 136, 65)"
CAST_Java_Unknown_Memcached_Data,"rgb(12, 136, 65)"
CAST_Java_CouchDB_Connection,"rgb(219, 29, 29)"
CAST_Java_CouchDB_Collection,"rgb(219, 29, 29)"
CAST_Java_CouchDB_Database,"rgb(219, 29, 29)"
CAST_Java_Unknown_CouchDB_Connection,"rgb(219, 29, 29)"
CAST_Java_Unknown_CouchDB_Collection,"rgb(219, 29, 29)"
CAST_Java_Unknown_CouchDB_Database,"rgb(219, 29, 29)"
CAST_Java_DynamoDB_Client,"rgb(221, 149, 5)"
CAST_Java_DynamoDB_Table,"rgb(221, 149, 5)"
CAST_Java_Unknown_DynamoDB_Client,"rgb(221, 149, 5)"
CAST_Java_Unknown_DynamoDB_Table,"rgb(221, 149, 5)"
CAST_Java_Couchbase_Cluster,"rgb(219, 29, 29)"
CAST_Java_Couchbase_Bucket,"rgb(219, 29, 29)"
CAST_Java_Unknown_Couchbase_Cluster,"rgb(219, 29, 29)"
CAST_Java_Unknown_Couchbase_Bucket,"rgb(219, 29, 29)"
CAST_Java_Redis_Connection,"rgb(231, 27, 27)"
CAST_Java_Redis_Collection,"rgb(231, 27, 27)"
CAST_Java_Unknown_Redis_Connection,"rgb(231, 27, 27)"
CAST_Java_Unknown_Redis_Collection,"rgb(231, 27, 27)"
CAST_Java_CosmosDB_Database,"rgb(8, 144, 198)"
CAST_Java_CosmosDB_Collection,"rgb(8, 144, 198)"
CAST_Java_Unknown_CosmosDB_Database,"rgb(8, 144, 198)"
CAST_Java_Unknown_CosmosDB_Collection,"rgb(8, 144, 198)"
CAST_Java_Memcached_Connection,"rgb(12, 136, 65)"
CAST_Java_Memcached_Data,"rgb(12, 136, 65)"
CAST_DotNet_MongoDB_Connection,"rgb(11, 178, 11)"
CAST_DotNet_MongoDB_Database,"rgb(11, 178, 11)"
CAST_DotNet_Unknown_MongoDB_Collection,"rgb(11, 178, 11)"
CAST_DotNet_Unknown_MongoDB_Database,"rgb(11, 178, 11)"
CAST_DotNet_MongoDB_Collection,"rgb(11, 178, 11)"
CAST_DotNet_Unknown_MongoDB_Connection,"rgb(11, 178, 11)"
CAST_DotNet_DynamoDB_Client,"rgb(221, 149, 5)"
CAST_DotNet_DynamoDB_Table,"rgb(221, 149, 5)"
CAST_DotNet_Unknown_DynamoDB_Client,"rgb(221, 149, 5)"
CAST_DotNet_Unknown_DynamoDB_Table,"rgb(221, 149, 5)"
CAST_DotNet_CosmosDB_Database,"rgb(8, 144, 198)"
CAST_DotNet_CosmosDB_Collection,"rgb(8, 144, 198)"
CAST_DotNet_Unknown_CosmosDB_Database,"rgb(8, 144, 198)"
CAST_DotNet_Unknown_CosmosDB_Collection,"rgb(8, 144, 198)"
CAST_DotNet_Couchbase_Cluster,"rgb(219, 29, 29)"
CAST_DotNet_Couchbase_Bucket,"rgb(219, 29, 29)"
CAST_DotNet_Unknown_Couchbase_Cluster,"rgb(219, 29, 29)"
CAST_DotNet_Unknown_Couchbase_Bucket,"rgb(219, 29, 29)"
CAST_DotNet_Memcached_Connection,"rgb(12, 136, 65)"
CAST_DotNet_Memcached_Data,"rgb(12, 136, 65)"
CAST_DotNet_Unknown_Memcached_Data,"rgb(12, 136, 65)"
CAST_DotNet_Unknown_Memcached_Connection,"rgb(12, 136, 65)"
CAST_Birt_Report,"rgb(116, 15, 192)"
CAST_Birt_Dashboard,"rgb(116, 15, 192)"
CAST_Birt_Dataset,"rgb(116, 15, 192)"
CAST_Birt_Library,"rgb(116, 15, 192)"
CAST_Birt_Query,"rgb(116, 15, 192)"
CAST_Birt_Gadget,"rgb(116, 15, 192)"
CAST_Birt_CsvAccess,"rgb(116, 15, 192)"
CAST_Birt_Report_Call,"rgb(116, 15, 192)"
CAST_Birt_Data_Set,"rgb(116, 15, 192)"
CAST_Birt_Component,"rgb(116, 15, 192)"
CAST_Birt_Cube,"rgb(116, 15, 192)"
CAST_Birt_Template,"rgb(116, 15, 192)"
CAST_CQL_Cassandra_Schema,"rgb(227, 36, 0)"
CAST_CQL_Cassandra_Table,"rgb(227, 36, 0)"
CAST_CQL_Cassandra_TableColumn,"rgb(227, 36, 0)"
CAST_CQL_Cassandra_View,"rgb(227, 36, 0)"
CAST_CQL_Cassandra_PrimaryKey,"rgb(91, 188, 31)"
CAST_CQL_Cassandra_Index,"rgb(91, 188, 31)"
CAST_CQL_Cassandra_Trigger,"rgb(91, 188, 31)"
CAST_CQL_Cassandra_Function,"rgb(91, 188, 31)"
CAST_Batch_Job,"rgb(154, 36, 79)"
CAST_Batch_Step,"rgb(154, 36, 79)"
CAST_ApacheCamel_Route,"rgb(255, 106, 0)"
CAST_ApacheCamel_RouteCall,"rgb(255, 106, 0)"
CAST_ApacheCamel_HTTP_GetOperation,"rgb(255, 106, 0)"
CAST_ApacheCamel_HTTP_PutOperation,"rgb(255, 106, 0)"
CAST_ApacheCamel_HTTP_PostOperation,"rgb(255, 106, 0)"
CAST_ApacheCamel_HTTP_DeleteOperation,"rgb(255, 106, 0)"
CAST_ApacheCamel_HTTP_AnyOperation,"rgb(255, 106, 0)"
CAST_ApacheCamel_DatabaseQuery,"rgb(255, 106, 0)"
CAST_ApacheCamel_BeanCall,"rgb(255, 106, 0)"
CAST_ApacheCamel_ProcessCall,"rgb(255, 106, 0)"
CAST_ApacheCamel_JMS_QueueReceive,"rgb(255, 106, 0)"
CAST_ApacheCamel_JMS_QueueCall,"rgb(255, 106, 0)"
CAST_ApacheCamel_ActiveMQ_QueueCall,"rgb(255, 106, 0)"
CAST_ApacheCamel_ActiveMQ_Queue_Receive,"rgb(255, 106, 0)"
CAST_ApacheCamel_IBM_QueueCall,"rgb(255, 106, 0)"
CAST_ApacheCamel_IBM_QueueReceive,"rgb(255, 106, 0)"
CAST_ApacheCamel_Unknown_JMS_QueueReceive,"rgb(255, 106, 0)"
CAST_ApacheCamel_Unknown_JMS_QueueCall,"rgb(255, 106, 0)"
CAST_ApacheCamel_Unknown_IBM_QueueReceive,"rgb(255, 106, 0)"
CAST_ApacheCamel_Unknown_IBM_QueueCall,"rgb(255, 106, 0)"
CAST_ApacheCamel_Unknown_ActiveMQ_QueueReceive,"rgb(255, 106, 0)"
CAST_ApacheCamel_Unknown_ActiveMQ_QueueCall,"rgb(255, 106, 0)"
CAST_ApacheCamel_File,"rgb(255, 106, 0)"
CAST_ApacheCamel_FileCall,"rgb(255, 106, 0)"
CAST_ApacheCamel_Kafka_TopicCall,"rgb(255, 106, 0)"
CAST_ApacheCamel_Kafka_TopicReceive,"rgb(255, 106, 0)"
CAST_ApacheCamel_Unknown_Kafka_TopicReceive,"rgb(255, 106, 0)"
CAST_ApacheCamel_Unknown_Kafka_TopicCall,"rgb(255, 106, 0)"
CAST_ApacheCamel_RabbitMQ_TopicCall,"rgb(255, 106, 0)"
CAST_ApacheCamel_RabbitMQ_TopicReceive,"rgb(255, 106, 0)"
CAST_ApacheCamel_Unknown_RabbitMQ_TopicReceive,"rgb(255, 106, 0)"
CAST_ApacheCamel_Unknown_RabbitMQ_TopicCall,"rgb(255, 106, 0)"
CAST_JMS_Java_QueueCall,"rgb(176, 114, 1)"
CAST_JMS_Java_QueueReceive,"rgb(176, 114, 1)"
CAST_JMS_Java_TopicCall,"rgb(176, 114, 1)"
CAST_JMS_Java_TopicReceive,"rgb(176, 114, 1)"
CAST_JMS_Java_Unknown_QueueCall,"rgb(176, 114, 1)"
CAST_JMS_Java_Unknown_QueueReceive,"rgb(176, 114, 1)"
CAST_JMS_Java_Unknown_TopicCall,"rgb(176, 114, 1)"
CAST_JMS_Java_Unknown_TopicReceive,"rgb(176, 114, 1)"
CAST_AWSJava_SQS_Receiver,"rgb(0, 0, 0)"
CAST_AWSJava_SQS_Publisher,"rgb(0, 0, 0)"
CAST_AWSJava_SQS_Unknown_Receiver,"rgb(0, 0, 0)"
CAST_AWSJava_SQS_Unknown_Publisher,"rgb(0, 0, 0)"
CAST_IBMMQ_Java_Unknown_QueueCall,"rgb(176, 114, 1)"
CAST_IBMMQ_Java_Unknown_QueueReceive,"rgb(176, 114, 1)"
CAST_IBMMQ_Java_TopicCall,"rgb(176, 114, 1)"
CAST_IBMMQ_Java_TopicReceive,"rgb(176, 114, 1)"
CAST_IBMMQ_Java_Unknown_TopicCall,"rgb(176, 114, 1)"
CAST_IBMMQ_Java_Unknown_TopicReceive,"rgb(176, 114, 1)"
CAST_RabbitMQ_Java_Unknown_Exchange,"rgb(176, 114, 1)"
CAST_RabbitMQ_Java_Unknown_Queue,"rgb(176, 114, 1)"
CAST_MYBATIS_DOTNET_SQLNAMEDQUERY,"rgb(148, 0, 255)"
Eztprogram,"rgb(229, 25, 83)"
Easyfile,"rgb(229, 25, 83)"
Easyproc,"rgb(229, 25, 83)"
Easymacro,"rgb(229, 25, 83)"
Easyreport,"rgb(229, 25, 83)"
Unknown_JCL_Dataset,"rgb(62, 74, 148)"
CTLprogram,"rgb(75, 144, 226)"
Custom_JCL_ProgramPrototype,"rgb(62, 74, 148)"
NDMProcessCard,"rgb(75, 144, 226)"
Spring_BatchModule,"rgb(102, 156, 53)"
Spring_BatchJob,"rgb(102, 156, 53)"
Spring_BatchStep,"rgb(102, 156, 53)"
ASMZOSProgram,"rgb(110, 76, 1)"
CallTo_program,"rgb(110, 76, 1)"
ASM_MACRO,"rgb(110, 76, 1)"
Rexxprogram,"rgb(182, 20, 66)"
Rexxfile,"rgb(182, 20, 66)"
Rexxfunction,"rgb(182, 20, 66)"
Rexxprocedure,"rgb(182, 20, 66)"
Unknown_Rexxprogram,"rgb(182, 20, 66)"
